Mtime,GUID,_RegKey,ProviderName,Enabled,Content
"""2025-07-18T10:56:35.5353299Z""","""{47bfa2b7-bd54-4fac-b70b-29021084ca8f}""","""HKEY_LOCAL_MACHINE\\SYSTEM\\CurrentControlSet\\Control\\WMI\\Autologger\\EventLog-System\\{47bfa2b7-bd54-4fac-b70b-29021084ca8f}""","""Application Popup""",1,"{""EnableLevel"":0,""EnableProperty"":1,""Enabled"":1,""LoggerName"":""EventLog-System"",""MatchAllKeyword"":0,""MatchAnyKeyword"":9223372036854775808,""Status"":0}"
"""2025-07-18T10:56:35.5353299Z""","""{199fe037-2b82-40a9-82ac-e1d46c792b99}""","""HKEY_LOCAL_MACHINE\\SYSTEM\\CurrentControlSet\\Control\\WMI\\Autologger\\EventLog-System\\{199fe037-2b82-40a9-82ac-e1d46c792b99}""","""LsaSrv""",1,"{""EnableLevel"":0,""EnableProperty"":1,""Enabled"":1,""LoggerName"":""EventLog-System"",""MatchAllKeyword"":0,""MatchAnyKeyword"":9223372036854775808,""Status"":0}"
"""2025-07-18T10:56:35.5353299Z""","""{928f7d29-0577-5be5-3bd3-b6bdab9ab307}""","""HKEY_LOCAL_MACHINE\\SYSTEM\\CurrentControlSet\\Control\\WMI\\Autologger\\EventLog-System\\{928f7d29-0577-5be5-3bd3-b6bdab9ab307}""","""Microsoft-Antimalware-ShieldProvider""",1,"{""EnableLevel"":0,""EnableProperty"":1,""Enabled"":1,""LoggerName"":""EventLog-System"",""MatchAllKeyword"":0,""MatchAnyKeyword"":9223372036854775808,""Status"":0}"
"""2025-07-18T10:56:35.5553597Z""","""{e4f68870-5ae8-4e5b-9ce7-ca9ed75b0245}""","""HKEY_LOCAL_MACHINE\\SYSTEM\\CurrentControlSet\\Control\\WMI\\Autologger\\EventLog-System\\{e4f68870-5ae8-4e5b-9ce7-ca9ed75b0245}""","""Microsoft-AppV-Client""",1,"{""EnableLevel"":0,""EnableProperty"":1,""Enabled"":1,""LoggerName"":""EventLog-System"",""MatchAllKeyword"":0,""MatchAnyKeyword"":13835058055282163712,""Status"":0}"
"""2025-07-18T10:56:35.5553597Z""","""{de29cf61-5ee6-43ff-9aac-959c4e13cc6c}""","""HKEY_LOCAL_MACHINE\\SYSTEM\\CurrentControlSet\\Control\\WMI\\Autologger\\EventLog-System\\{de29cf61-5ee6-43ff-9aac-959c4e13cc6c}""","""Microsoft-User Experience Virtualization-Agent Driver""",1,"{""EnableLevel"":0,""EnableProperty"":1,""Enabled"":1,""LoggerName"":""EventLog-System"",""MatchAllKeyword"":0,""MatchAnyKeyword"":9223372036854775808,""Status"":0}"
"""2025-07-18T10:56:35.5353299Z""","""{3cb2a168-fe19-4a4e-bdad-dcf422f13473}""","""HKEY_LOCAL_MACHINE\\SYSTEM\\CurrentControlSet\\Control\\WMI\\Autologger\\EventLog-System\\{3cb2a168-fe19-4a4e-bdad-dcf422f13473}""","""Microsoft-Windows-AppID""",1,"{""EnableLevel"":0,""EnableProperty"":1,""Enabled"":1,""LoggerName"":""EventLog-System"",""MatchAllKeyword"":0,""MatchAnyKeyword"":9223372036854775808,""Status"":0}"
"""2025-07-18T10:56:35.5553597Z""","""{cbda4dbf-8d5d-4f69-9578-be14aa540d22}""","""HKEY_LOCAL_MACHINE\\SYSTEM\\CurrentControlSet\\Control\\WMI\\Autologger\\EventLog-System\\{cbda4dbf-8d5d-4f69-9578-be14aa540d22}""","""Microsoft-Windows-AppLocker""",1,"{""EnableLevel"":0,""EnableProperty"":1,""Enabled"":1,""LoggerName"":""EventLog-System"",""MatchAllKeyword"":0,""MatchAnyKeyword"":11529215046068469760,""Status"":0}"
"""2025-07-18T10:56:35.5353299Z""","""{3f471139-acb7-4a01-b7a7-ff5da4ba2d43}""","""HKEY_LOCAL_MACHINE\\SYSTEM\\CurrentControlSet\\Control\\WMI\\Autologger\\EventLog-System\\{3f471139-acb7-4a01-b7a7-ff5da4ba2d43}""","""Microsoft-Windows-AppXDeployment-Server""",1,"{""EnableLevel"":0,""EnableProperty"":1,""Enabled"":1,""LoggerName"":""EventLog-System"",""MatchAllKeyword"":0,""MatchAnyKeyword"":1152921504606846976,""Status"":0}"
"""2025-07-18T10:56:35.5553597Z""","""{ae4bd3be-f36f-45b6-8d21-bdd6fb832853}""","""HKEY_LOCAL_MACHINE\\SYSTEM\\CurrentControlSet\\Control\\WMI\\Autologger\\EventLog-System\\{ae4bd3be-f36f-45b6-8d21-bdd6fb832853}""","""Microsoft-Windows-Audio""",1,"{""EnableLevel"":0,""EnableProperty"":1,""Enabled"":1,""LoggerName"":""EventLog-System"",""MatchAllKeyword"":0,""MatchAnyKeyword"":6917529027641081856,""Status"":0}"
"""2025-07-18T10:56:35.5353299Z""","""{85a62a0d-7e17-485f-9d4f-749a287193a6}""","""HKEY_LOCAL_MACHINE\\SYSTEM\\CurrentControlSet\\Control\\WMI\\Autologger\\EventLog-System\\{85a62a0d-7e17-485f-9d4f-749a287193a6}""","""Microsoft-Windows-Audit-CVE""",1,"{""EnableLevel"":0,""EnableProperty"":1,""Enabled"":1,""LoggerName"":""EventLog-System"",""MatchAllKeyword"":0,""MatchAnyKeyword"":4611686018427387904,""Status"":0}"
"""2025-07-18T10:56:35.5353299Z""","""{1db28f2e-8f80-4027-8c5a-a11f7f10f62d}""","""HKEY_LOCAL_MACHINE\\SYSTEM\\CurrentControlSet\\Control\\WMI\\Autologger\\EventLog-System\\{1db28f2e-8f80-4027-8c5a-a11f7f10f62d}""","""Microsoft-Windows-Backup""",1,"{""EnableLevel"":0,""EnableProperty"":1,""Enabled"":1,""LoggerName"":""EventLog-System"",""MatchAllKeyword"":0,""MatchAnyKeyword"":4611686018427387904,""Status"":0}"
"""2025-07-18T10:56:35.5353299Z""","""{a0e3d8ea-c34f-4419-a1db-90435b8b21d0}""","""HKEY_LOCAL_MACHINE\\SYSTEM\\CurrentControlSet\\Control\\WMI\\Autologger\\EventLog-System\\{a0e3d8ea-c34f-4419-a1db-90435b8b21d0}""","""Microsoft-Windows-Biometrics""",1,"{""EnableLevel"":0,""EnableProperty"":1,""Enabled"":1,""LoggerName"":""EventLog-System"",""MatchAllKeyword"":0,""MatchAnyKeyword"":9223372036854775808,""Status"":0}"
"""2025-07-18T10:56:35.5353299Z""","""{5d674230-ca9f-11da-a94d-0800200c9a66}""","""HKEY_LOCAL_MACHINE\\SYSTEM\\CurrentControlSet\\Control\\WMI\\Autologger\\EventLog-System\\{5d674230-ca9f-11da-a94d-0800200c9a66}""","""Microsoft-Windows-BitLocker-API""",1,"{""EnableLevel"":0,""EnableProperty"":1,""Enabled"":1,""LoggerName"":""EventLog-System"",""MatchAllKeyword"":0,""MatchAnyKeyword"":9223372036854775808,""Status"":0}"
"""2025-07-18T10:56:35.5353299Z""","""{632f767e-0ec3-47b9-ba1c-a0e62a74728a}""","""HKEY_LOCAL_MACHINE\\SYSTEM\\CurrentControlSet\\Control\\WMI\\Autologger\\EventLog-System\\{632f767e-0ec3-47b9-ba1c-a0e62a74728a}""","""Microsoft-Windows-BitLocker-DrivePreparationTool""",1,"{""EnableLevel"":0,""EnableProperty"":1,""Enabled"":1,""LoggerName"":""EventLog-System"",""MatchAllKeyword"":0,""MatchAnyKeyword"":13835058055282163712,""Status"":0}"
"""2025-07-18T10:56:35.5353299Z""","""{651df93b-5053-4d1e-94c5-f6e6d25908d0}""","""HKEY_LOCAL_MACHINE\\SYSTEM\\CurrentControlSet\\Control\\WMI\\Autologger\\EventLog-System\\{651df93b-5053-4d1e-94c5-f6e6d25908d0}""","""Microsoft-Windows-BitLocker-Driver""",1,"{""EnableLevel"":0,""EnableProperty"":1,""Enabled"":1,""LoggerName"":""EventLog-System"",""MatchAllKeyword"":0,""MatchAnyKeyword"":9223372036854775808,""Status"":0}"
"""2025-07-18T10:56:35.5553597Z""","""{ef1cc15b-46c1-414e-bb95-e76b077bd51e}""","""HKEY_LOCAL_MACHINE\\SYSTEM\\CurrentControlSet\\Control\\WMI\\Autologger\\EventLog-System\\{ef1cc15b-46c1-414e-bb95-e76b077bd51e}""","""Microsoft-Windows-Bits-Client""",1,"{""EnableLevel"":0,""EnableProperty"":1,""Enabled"":1,""LoggerName"":""EventLog-System"",""MatchAllKeyword"":0,""MatchAnyKeyword"":13835058055282163712,""Status"":0}"
"""2025-07-18T10:56:35.5353299Z""","""{4af188ac-e9c4-4c11-b07b-1fabc07dfeb2}""","""HKEY_LOCAL_MACHINE\\SYSTEM\\CurrentControlSet\\Control\\WMI\\Autologger\\EventLog-System\\{4af188ac-e9c4-4c11-b07b-1fabc07dfeb2}""","""Microsoft-Windows-Bluetooth-BthLEPrepairing""",1,"{""EnableLevel"":0,""EnableProperty"":1,""Enabled"":1,""LoggerName"":""EventLog-System"",""MatchAllKeyword"":0,""MatchAnyKeyword"":13835058055282163712,""Status"":0}"
"""2025-07-18T10:56:35.5353299Z""","""{04268430-d489-424d-b914-0cff741d6684}""","""HKEY_LOCAL_MACHINE\\SYSTEM\\CurrentControlSet\\Control\\WMI\\Autologger\\EventLog-System\\{04268430-d489-424d-b914-0cff741d6684}""","""Microsoft-Windows-Bluetooth-MTPEnum""",1,"{""EnableLevel"":0,""EnableProperty"":1,""Enabled"":1,""LoggerName"":""EventLog-System"",""MatchAllKeyword"":0,""MatchAnyKeyword"":9223372036854775808,""Status"":0}"
"""2025-07-18T10:56:35.5553597Z""","""{bc0669e1-a10d-4a78-834e-1ca3c806c93b}""","""HKEY_LOCAL_MACHINE\\SYSTEM\\CurrentControlSet\\Control\\WMI\\Autologger\\EventLog-System\\{bc0669e1-a10d-4a78-834e-1ca3c806c93b}""","""Microsoft-Windows-CertificateServicesClient-Lifecycle-System""",1,"{""EnableLevel"":0,""EnableProperty"":1,""Enabled"":1,""LoggerName"":""EventLog-System"",""MatchAllKeyword"":0,""MatchAnyKeyword"":9223372036854775808,""Status"":0}"
"""2025-07-18T10:56:35.5353299Z""","""{4ee76bd8-3cf4-44a0-a0ac-3937643e37a3}""","""HKEY_LOCAL_MACHINE\\SYSTEM\\CurrentControlSet\\Control\\WMI\\Autologger\\EventLog-System\\{4ee76bd8-3cf4-44a0-a0ac-3937643e37a3}""","""Microsoft-Windows-CodeIntegrity""",1,"{""EnableLevel"":0,""EnableProperty"":1,""Enabled"":1,""LoggerName"":""EventLog-System"",""MatchAllKeyword"":0,""MatchAnyKeyword"":9223372036854775808,""Status"":0}"
"""2025-07-18T10:56:35.5553597Z""","""{fc4e8f51-7a04-4bab-8b91-6321416f72ab}""","""HKEY_LOCAL_MACHINE\\SYSTEM\\CurrentControlSet\\Control\\WMI\\Autologger\\EventLog-System\\{fc4e8f51-7a04-4bab-8b91-6321416f72ab}""","""Microsoft-Windows-Containers-BindFlt""",1,"{""EnableLevel"":0,""EnableProperty"":1,""Enabled"":1,""LoggerName"":""EventLog-System"",""MatchAllKeyword"":0,""MatchAnyKeyword"":9223372036854775808,""Status"":0}"
"""2025-07-18T10:56:35.5553597Z""","""{aec5c129-7c10-407d-be97-91a042c61aaa}""","""HKEY_LOCAL_MACHINE\\SYSTEM\\CurrentControlSet\\Control\\WMI\\Autologger\\EventLog-System\\{aec5c129-7c10-407d-be97-91a042c61aaa}""","""Microsoft-Windows-Containers-Wcifs""",1,"{""EnableLevel"":0,""EnableProperty"":1,""Enabled"":1,""LoggerName"":""EventLog-System"",""MatchAllKeyword"":0,""MatchAnyKeyword"":9223372036854775808,""Status"":0}"
"""2025-07-18T10:56:35.5553597Z""","""{b99317e5-89b7-4c0d-abd1-6e705f7912dc}""","""HKEY_LOCAL_MACHINE\\SYSTEM\\CurrentControlSet\\Control\\WMI\\Autologger\\EventLog-System\\{b99317e5-89b7-4c0d-abd1-6e705f7912dc}""","""Microsoft-Windows-Containers-Wcnfs""",1,"{""EnableLevel"":0,""EnableProperty"":1,""Enabled"":1,""LoggerName"":""EventLog-System"",""MatchAllKeyword"":0,""MatchAnyKeyword"":9223372036854775808,""Status"":0}"
"""2025-07-18T10:56:35.5353299Z""","""{0b886108-1899-4d3a-9c0d-42d8fc4b9108}""","""HKEY_LOCAL_MACHINE\\SYSTEM\\CurrentControlSet\\Control\\WMI\\Autologger\\EventLog-System\\{0b886108-1899-4d3a-9c0d-42d8fc4b9108}""","""Microsoft-Windows-CoreSystem-InitMachineConfig""",1,"{""EnableLevel"":0,""EnableProperty"":1,""Enabled"":1,""LoggerName"":""EventLog-System"",""MatchAllKeyword"":0,""MatchAnyKeyword"":9223372036854775808,""Status"":0}"
"""2025-07-18T10:56:35.5353299Z""","""{3629dd4d-d6f1-4302-a623-0768b51501c7}""","""HKEY_LOCAL_MACHINE\\SYSTEM\\CurrentControlSet\\Control\\WMI\\Autologger\\EventLog-System\\{3629dd4d-d6f1-4302-a623-0768b51501c7}""","""Microsoft-Windows-CoreSystem-NetProvision-JoinProviderOnline""",1,"{""EnableLevel"":0,""EnableProperty"":1,""Enabled"":1,""LoggerName"":""EventLog-System"",""MatchAllKeyword"":0,""MatchAnyKeyword"":9223372036854775808,""Status"":0}"
"""2025-07-18T10:56:35.5553597Z""","""{ba093605-3909-4345-990b-26b746adee0a}""","""HKEY_LOCAL_MACHINE\\SYSTEM\\CurrentControlSet\\Control\\WMI\\Autologger\\EventLog-System\\{ba093605-3909-4345-990b-26b746adee0a}""","""Microsoft-Windows-CorruptedFileRecovery-Client""",1,"{""EnableLevel"":0,""EnableProperty"":1,""Enabled"":1,""LoggerName"":""EventLog-System"",""MatchAllKeyword"":0,""MatchAnyKeyword"":9223372036854775808,""Status"":0}"
"""2025-07-18T10:56:35.5553597Z""","""{d6f68875-cdf5-43a5-a3e3-53ffd683311c}""","""HKEY_LOCAL_MACHINE\\SYSTEM\\CurrentControlSet\\Control\\WMI\\Autologger\\EventLog-System\\{d6f68875-cdf5-43a5-a3e3-53ffd683311c}""","""Microsoft-Windows-CorruptedFileRecovery-Server""",1,"{""EnableLevel"":0,""EnableProperty"":1,""Enabled"":1,""LoggerName"":""EventLog-System"",""MatchAllKeyword"":0,""MatchAnyKeyword"":13835058055282163712,""Status"":0}"
"""2025-07-18T10:56:35.5353299Z""","""{89fe8f40-cdce-464e-8217-15ef97d4c7c3}""","""HKEY_LOCAL_MACHINE\\SYSTEM\\CurrentControlSet\\Control\\WMI\\Autologger\\EventLog-System\\{89fe8f40-cdce-464e-8217-15ef97d4c7c3}""","""Microsoft-Windows-Crypto-DPAPI""",1,"{""EnableLevel"":0,""EnableProperty"":1,""Enabled"":1,""LoggerName"":""EventLog-System"",""MatchAllKeyword"":0,""MatchAnyKeyword"":13835058055282163712,""Status"":0}"
"""2025-07-18T10:56:35.5353299Z""","""{6a1f2b00-6a90-4c38-95a5-5cab3b056778}""","""HKEY_LOCAL_MACHINE\\SYSTEM\\CurrentControlSet\\Control\\WMI\\Autologger\\EventLog-System\\{6a1f2b00-6a90-4c38-95a5-5cab3b056778}""","""Microsoft-Windows-DHCPv6-Client""",1,"{""EnableLevel"":0,""EnableProperty"":1,""Enabled"":1,""LoggerName"":""EventLog-System"",""MatchAllKeyword"":0,""MatchAnyKeyword"":2305843009213693952,""Status"":0}"
"""2025-07-18T10:56:35.5353299Z""","""{1c95126e-7eea-49a9-a3fe-a378b03ddb4d}""","""HKEY_LOCAL_MACHINE\\SYSTEM\\CurrentControlSet\\Control\\WMI\\Autologger\\EventLog-System\\{1c95126e-7eea-49a9-a3fe-a378b03ddb4d}""","""Microsoft-Windows-DNS-Client""",1,"{""EnableLevel"":0,""EnableProperty"":1,""Enabled"":1,""LoggerName"":""EventLog-System"",""MatchAllKeyword"":0,""MatchAnyKeyword"":4611686018427387904,""Status"":0}"
"""2025-07-18T10:56:35.5553597Z""","""{f9fe3908-44b8-48d9-9a32-5a763ff5ed79}""","""HKEY_LOCAL_MACHINE\\SYSTEM\\CurrentControlSet\\Control\\WMI\\Autologger\\EventLog-System\\{f9fe3908-44b8-48d9-9a32-5a763ff5ed79}""","""Microsoft-Windows-Deduplication""",1,"{""EnableLevel"":0,""EnableProperty"":1,""Enabled"":1,""LoggerName"":""EventLog-System"",""MatchAllKeyword"":0,""MatchAnyKeyword"":16140901064495857664,""Status"":0}"
"""2025-07-18T10:56:35.5553597Z""","""{f717d024-f5b4-4f03-9ab9-331b2dc38ffb}""","""HKEY_LOCAL_MACHINE\\SYSTEM\\CurrentControlSet\\Control\\WMI\\Autologger\\EventLog-System\\{f717d024-f5b4-4f03-9ab9-331b2dc38ffb}""","""Microsoft-Windows-DeviceGuard""",1,"{""EnableLevel"":0,""EnableProperty"":1,""Enabled"":1,""LoggerName"":""EventLog-System"",""MatchAllKeyword"":0,""MatchAnyKeyword"":9223372036854775808,""Status"":0}"
"""2025-07-18T10:56:35.5553597Z""","""{fcbb06bb-6a2a-46e3-abaa-246cb4e508b2}""","""HKEY_LOCAL_MACHINE\\SYSTEM\\CurrentControlSet\\Control\\WMI\\Autologger\\EventLog-System\\{fcbb06bb-6a2a-46e3-abaa-246cb4e508b2}""","""Microsoft-Windows-DeviceSetupManager""",1,"{""EnableLevel"":0,""EnableProperty"":1,""Enabled"":1,""LoggerName"":""EventLog-System"",""MatchAllKeyword"":0,""MatchAnyKeyword"":13835058055282163712,""Status"":0}"
"""2025-07-18T10:56:35.5553597Z""","""{e8f9af91-afbe-5a03-dfec-5d591686326c}""","""HKEY_LOCAL_MACHINE\\SYSTEM\\CurrentControlSet\\Control\\WMI\\Autologger\\EventLog-System\\{e8f9af91-afbe-5a03-dfec-5d591686326c}""","""Microsoft-Windows-DeviceUpdateAgent""",1,"{""EnableLevel"":0,""EnableProperty"":1,""Enabled"":1,""LoggerName"":""EventLog-System"",""MatchAllKeyword"":0,""MatchAnyKeyword"":9223372036854775808,""Status"":0}"
"""2025-07-18T10:56:35.5353299Z""","""{64ef2b1c-4ae1-4e64-8599-1636e441ec88}""","""HKEY_LOCAL_MACHINE\\SYSTEM\\CurrentControlSet\\Control\\WMI\\Autologger\\EventLog-System\\{64ef2b1c-4ae1-4e64-8599-1636e441ec88}""","""Microsoft-Windows-Devices-Background""",1,"{""EnableLevel"":0,""EnableProperty"":1,""Enabled"":1,""LoggerName"":""EventLog-System"",""MatchAllKeyword"":0,""MatchAnyKeyword"":9223372036854775808,""Status"":0}"
"""2025-07-18T10:56:35.5353299Z""","""{7da4fe0e-fd42-4708-9aa5-89b77a224885}""","""HKEY_LOCAL_MACHINE\\SYSTEM\\CurrentControlSet\\Control\\WMI\\Autologger\\EventLog-System\\{7da4fe0e-fd42-4708-9aa5-89b77a224885}""","""Microsoft-Windows-DfsSvc""",1,"{""EnableLevel"":0,""EnableProperty"":1,""Enabled"":1,""LoggerName"":""EventLog-System"",""MatchAllKeyword"":0,""MatchAnyKeyword"":9223372036854775808,""Status"":0}"
"""2025-07-18T10:56:35.5353299Z""","""{15a7a4f8-0072-4eab-abad-f98a4d666aed}""","""HKEY_LOCAL_MACHINE\\SYSTEM\\CurrentControlSet\\Control\\WMI\\Autologger\\EventLog-System\\{15a7a4f8-0072-4eab-abad-f98a4d666aed}""","""Microsoft-Windows-Dhcp-Client""",1,"{""EnableLevel"":0,""EnableProperty"":1,""Enabled"":1,""LoggerName"":""EventLog-System"",""MatchAllKeyword"":0,""MatchAnyKeyword"":2305843009213693952,""Status"":0}"
"""2025-07-18T10:56:35.5353299Z""","""{6bba3851-2c7e-4dea-8f54-31e5afd029e3}""","""HKEY_LOCAL_MACHINE\\SYSTEM\\CurrentControlSet\\Control\\WMI\\Autologger\\EventLog-System\\{6bba3851-2c7e-4dea-8f54-31e5afd029e3}""","""Microsoft-Windows-Diagnosis-DPS""",1,"{""EnableLevel"":0,""EnableProperty"":1,""Enabled"":1,""LoggerName"":""EventLog-System"",""MatchAllKeyword"":0,""MatchAnyKeyword"":4611686018427387904,""Status"":0}"
"""2025-07-18T10:56:35.5353299Z""","""{36c23e18-0e66-11d9-bbeb-505054503030}""","""HKEY_LOCAL_MACHINE\\SYSTEM\\CurrentControlSet\\Control\\WMI\\Autologger\\EventLog-System\\{36c23e18-0e66-11d9-bbeb-505054503030}""","""Microsoft-Windows-Diagnostics-Networking""",1,"{""EnableLevel"":0,""EnableProperty"":1,""Enabled"":1,""LoggerName"":""EventLog-System"",""MatchAllKeyword"":0,""MatchAnyKeyword"":4611686018427387904,""Status"":0}"
"""2025-07-18T10:56:35.5553597Z""","""{cfc18ec0-96b1-4eba-961b-622caee05b0a}""","""HKEY_LOCAL_MACHINE\\SYSTEM\\CurrentControlSet\\Control\\WMI\\Autologger\\EventLog-System\\{cfc18ec0-96b1-4eba-961b-622caee05b0a}""","""Microsoft-Windows-Diagnostics-Performance""",1,"{""EnableLevel"":0,""EnableProperty"":1,""Enabled"":1,""LoggerName"":""EventLog-System"",""MatchAllKeyword"":0,""MatchAnyKeyword"":9223372036854775808,""Status"":0}"
"""2025-07-18T10:56:35.5353299Z""","""{0d4fdc09-8c27-494a-bda0-505e4fd8adae}""","""HKEY_LOCAL_MACHINE\\SYSTEM\\CurrentControlSet\\Control\\WMI\\Autologger\\EventLog-System\\{0d4fdc09-8c27-494a-bda0-505e4fd8adae}""","""Microsoft-Windows-Directory-Services-SAM""",1,"{""EnableLevel"":0,""EnableProperty"":1,""Enabled"":1,""LoggerName"":""EventLog-System"",""MatchAllKeyword"":0,""MatchAnyKeyword"":9223372036854775808,""Status"":0}"
"""2025-07-18T10:56:35.5553597Z""","""{e670a5a2-ce74-4ab4-9347-61b815319f4c}""","""HKEY_LOCAL_MACHINE\\SYSTEM\\CurrentControlSet\\Control\\WMI\\Autologger\\EventLog-System\\{e670a5a2-ce74-4ab4-9347-61b815319f4c}""","""Microsoft-Windows-DiskDiagnostic""",1,"{""EnableLevel"":0,""EnableProperty"":1,""Enabled"":1,""LoggerName"":""EventLog-System"",""MatchAllKeyword"":0,""MatchAnyKeyword"":13835058055282163712,""Status"":0}"
"""2025-07-18T10:56:35.5553597Z""","""{e104fb41-6b04-4f3a-b47d-f0df2f02b954}""","""HKEY_LOCAL_MACHINE\\SYSTEM\\CurrentControlSet\\Control\\WMI\\Autologger\\EventLog-System\\{e104fb41-6b04-4f3a-b47d-f0df2f02b954}""","""Microsoft-Windows-DiskDiagnosticDataCollector""",1,"{""EnableLevel"":0,""EnableProperty"":1,""Enabled"":1,""LoggerName"":""EventLog-System"",""MatchAllKeyword"":0,""MatchAnyKeyword"":9223372036854775808,""Status"":0}"
"""2025-07-18T10:56:35.5353299Z""","""{1b562e86-b7aa-4131-badc-b6f3a001407e}""","""HKEY_LOCAL_MACHINE\\SYSTEM\\CurrentControlSet\\Control\\WMI\\Autologger\\EventLog-System\\{1b562e86-b7aa-4131-badc-b6f3a001407e}""","""Microsoft-Windows-DistributedCOM""",1,"{""EnableLevel"":0,""EnableProperty"":1,""Enabled"":1,""LoggerName"":""EventLog-System"",""MatchAllKeyword"":0,""MatchAnyKeyword"":9223372036854775808,""Status"":0}"
"""2025-07-18T10:56:35.5353299Z""","""{2e35aaeb-857f-4beb-a418-2e6c0e54d988}""","""HKEY_LOCAL_MACHINE\\SYSTEM\\CurrentControlSet\\Control\\WMI\\Autologger\\EventLog-System\\{2e35aaeb-857f-4beb-a418-2e6c0e54d988}""","""Microsoft-Windows-DriverFrameworks-UserMode""",1,"{""EnableLevel"":0,""EnableProperty"":1,""Enabled"":1,""LoggerName"":""EventLog-System"",""MatchAllKeyword"":0,""MatchAnyKeyword"":2305843009213693952,""Status"":0}"
"""2025-07-18T10:56:35.5553597Z""","""{ed8cc261-2123-567e-063e-75fc5f8e8a48}""","""HKEY_LOCAL_MACHINE\\SYSTEM\\CurrentControlSet\\Control\\WMI\\Autologger\\EventLog-System\\{ed8cc261-2123-567e-063e-75fc5f8e8a48}""","""Microsoft-Windows-DucUpdateAgent""",1,"{""EnableLevel"":0,""EnableProperty"":1,""Enabled"":1,""LoggerName"":""EventLog-System"",""MatchAllKeyword"":0,""MatchAnyKeyword"":9223372036854775808,""Status"":0}"
"""2025-07-18T10:56:35.5353299Z""","""{802ec45a-1e99-4b83-9920-87c98277ba9d}""","""HKEY_LOCAL_MACHINE\\SYSTEM\\CurrentControlSet\\Control\\WMI\\Autologger\\EventLog-System\\{802ec45a-1e99-4b83-9920-87c98277ba9d}""","""Microsoft-Windows-DxgKrnl""",1,"{""EnableLevel"":0,""EnableProperty"":1,""Enabled"":1,""LoggerName"":""EventLog-System"",""MatchAllKeyword"":0,""MatchAnyKeyword"":864691128455135232,""Status"":0}"
"""2025-07-18T10:56:35.5353299Z""","""{54cb22ff-26b4-4393-a8c2-6b0715912c5f}""","""HKEY_LOCAL_MACHINE\\SYSTEM\\CurrentControlSet\\Control\\WMI\\Autologger\\EventLog-System\\{54cb22ff-26b4-4393-a8c2-6b0715912c5f}""","""Microsoft-Windows-EQoS""",1,"{""EnableLevel"":0,""EnableProperty"":1,""Enabled"":1,""LoggerName"":""EventLog-System"",""MatchAllKeyword"":0,""MatchAnyKeyword"":9223372036854775808,""Status"":0}"
"""2025-07-18T10:56:35.5353299Z""","""{aa3aa23b-bb6d-425a-b58c-1d7e37f5d02a}""","""HKEY_LOCAL_MACHINE\\SYSTEM\\CurrentControlSet\\Control\\WMI\\Autologger\\EventLog-System\\{aa3aa23b-bb6d-425a-b58c-1d7e37f5d02a}""","""Microsoft-Windows-EnhancedStorage-EhStorTcgDrv""",1,"{""EnableLevel"":0,""EnableProperty"":1,""Enabled"":1,""LoggerName"":""EventLog-System"",""MatchAllKeyword"":0,""MatchAnyKeyword"":9223372036854775808,""Status"":0}"
"""2025-07-18T10:56:35.5553597Z""","""{b977cf02-76f6-df84-cc1a-6a4b232322b6}""","""HKEY_LOCAL_MACHINE\\SYSTEM\\CurrentControlSet\\Control\\WMI\\Autologger\\EventLog-System\\{b977cf02-76f6-df84-cc1a-6a4b232322b6}""","""Microsoft-Windows-EventCollector""",1,"{""EnableLevel"":0,""EnableProperty"":1,""Enabled"":1,""LoggerName"":""EventLog-System"",""MatchAllKeyword"":0,""MatchAnyKeyword"":5188146770730811392,""Status"":0}"
"""2025-07-18T10:56:35.5553597Z""","""{fc65ddd8-d6ef-4962-83d5-6e5cfe9ce148}""","""HKEY_LOCAL_MACHINE\\SYSTEM\\CurrentControlSet\\Control\\WMI\\Autologger\\EventLog-System\\{fc65ddd8-d6ef-4962-83d5-6e5cfe9ce148}""","""Microsoft-Windows-Eventlog""",1,"{""EnableLevel"":0,""EnableProperty"":1,""Enabled"":1,""LoggerName"":""EventLog-System"",""MatchAllKeyword"":0,""MatchAnyKeyword"":9223372036854775808,""Status"":0}"
"""2025-07-18T10:56:35.5553597Z""","""{dea07764-0790-44de-b9c4-49677b17174f}""","""HKEY_LOCAL_MACHINE\\SYSTEM\\CurrentControlSet\\Control\\WMI\\Autologger\\EventLog-System\\{dea07764-0790-44de-b9c4-49677b17174f}""","""Microsoft-Windows-FMS""",1,"{""EnableLevel"":0,""EnableProperty"":1,""Enabled"":1,""LoggerName"":""EventLog-System"",""MatchAllKeyword"":0,""MatchAnyKeyword"":13835058055282163712,""Status"":0}"
"""2025-07-18T10:56:35.5353299Z""","""{a82fda5d-745f-409c-b0fe-18ae0678a0e0}""","""HKEY_LOCAL_MACHINE\\SYSTEM\\CurrentControlSet\\Control\\WMI\\Autologger\\EventLog-System\\{a82fda5d-745f-409c-b0fe-18ae0678a0e0}""","""Microsoft-Windows-FailoverClustering-Client""",1,"{""EnableLevel"":0,""EnableProperty"":1,""Enabled"":1,""LoggerName"":""EventLog-System"",""MatchAllKeyword"":0,""MatchAnyKeyword"":9223372036854775808,""Status"":0}"
"""2025-07-18T10:56:35.5353299Z""","""{3e59a529-b0b3-4a11-8129-9ffe6bb46eb9}""","""HKEY_LOCAL_MACHINE\\SYSTEM\\CurrentControlSet\\Control\\WMI\\Autologger\\EventLog-System\\{3e59a529-b0b3-4a11-8129-9ffe6bb46eb9}""","""Microsoft-Windows-Fat-SQM""",1,"{""EnableLevel"":0,""EnableProperty"":1,""Enabled"":1,""LoggerName"":""EventLog-System"",""MatchAllKeyword"":0,""MatchAnyKeyword"":9223372036854775808,""Status"":0}"
"""2025-07-18T10:56:35.5353299Z""","""{6b93bf66-a922-4c11-a617-cf60d95c133d}""","""HKEY_LOCAL_MACHINE\\SYSTEM\\CurrentControlSet\\Control\\WMI\\Autologger\\EventLog-System\\{6b93bf66-a922-4c11-a617-cf60d95c133d}""","""Microsoft-Windows-Fault-Tolerant-Heap""",1,"{""EnableLevel"":0,""EnableProperty"":1,""Enabled"":1,""LoggerName"":""EventLog-System"",""MatchAllKeyword"":0,""MatchAnyKeyword"":13835058055282163712,""Status"":0}"
"""2025-07-18T10:56:35.5553597Z""","""{f3c5e28e-63f6-49c7-a204-e48a1bc4b09d}""","""HKEY_LOCAL_MACHINE\\SYSTEM\\CurrentControlSet\\Control\\WMI\\Autologger\\EventLog-System\\{f3c5e28e-63f6-49c7-a204-e48a1bc4b09d}""","""Microsoft-Windows-FilterManager""",1,"{""EnableLevel"":0,""EnableProperty"":1,""Enabled"":1,""LoggerName"":""EventLog-System"",""MatchAllKeyword"":0,""MatchAnyKeyword"":9223372036854775808,""Status"":0}"
"""2025-07-18T10:56:35.5553597Z""","""{e595f735-b42a-494b-afcd-b68666945cd3}""","""HKEY_LOCAL_MACHINE\\SYSTEM\\CurrentControlSet\\Control\\WMI\\Autologger\\EventLog-System\\{e595f735-b42a-494b-afcd-b68666945cd3}""","""Microsoft-Windows-Firewall""",1,"{""EnableLevel"":0,""EnableProperty"":1,""Enabled"":1,""LoggerName"":""EventLog-System"",""MatchAllKeyword"":0,""MatchAnyKeyword"":9223372036854775808,""Status"":0}"
"""2025-07-18T10:56:35.5353299Z""","""{538cbbad-4877-4eb2-b26e-7caee8f0f8cb}""","""HKEY_LOCAL_MACHINE\\SYSTEM\\CurrentControlSet\\Control\\WMI\\Autologger\\EventLog-System\\{538cbbad-4877-4eb2-b26e-7caee8f0f8cb}""","""Microsoft-Windows-FunctionDiscoveryHost""",1,"{""EnableLevel"":0,""EnableProperty"":1,""Enabled"":1,""LoggerName"":""EventLog-System"",""MatchAllKeyword"":0,""MatchAnyKeyword"":9223372036854775808,""Status"":0}"
"""2025-07-18T10:56:35.5353299Z""","""{55ab77f6-fa04-43ef-af45-688fbf500482}""","""HKEY_LOCAL_MACHINE\\SYSTEM\\CurrentControlSet\\Control\\WMI\\Autologger\\EventLog-System\\{55ab77f6-fa04-43ef-af45-688fbf500482}""","""Microsoft-Windows-GPIO-ClassExtension""",1,"{""EnableLevel"":0,""EnableProperty"":1,""Enabled"":1,""LoggerName"":""EventLog-System"",""MatchAllKeyword"":0,""MatchAnyKeyword"":4611686018427387904,""Status"":0}"
"""2025-07-18T10:56:35.5553597Z""","""{aea1b4fa-97d1-45f2-a64c-4d69fffd92c9}""","""HKEY_LOCAL_MACHINE\\SYSTEM\\CurrentControlSet\\Control\\WMI\\Autologger\\EventLog-System\\{aea1b4fa-97d1-45f2-a64c-4d69fffd92c9}""","""Microsoft-Windows-GroupPolicy""",1,"{""EnableLevel"":0,""EnableProperty"":1,""Enabled"":1,""LoggerName"":""EventLog-System"",""MatchAllKeyword"":0,""MatchAnyKeyword"":13835058055282163712,""Status"":0}"
"""2025-07-18T10:56:35.5353299Z""","""{63d1e632-95cc-4443-9312-af927761d52a}""","""HKEY_LOCAL_MACHINE\\SYSTEM\\CurrentControlSet\\Control\\WMI\\Autologger\\EventLog-System\\{63d1e632-95cc-4443-9312-af927761d52a}""","""Microsoft-Windows-HAL""",1,"{""EnableLevel"":0,""EnableProperty"":1,""Enabled"":1,""LoggerName"":""EventLog-System"",""MatchAllKeyword"":0,""MatchAnyKeyword"":9223372036854775808,""Status"":0}"
"""2025-07-18T10:56:35.5353299Z""","""{7b6bc78c-898b-4170-bbf8-1a469ea43fc5}""","""HKEY_LOCAL_MACHINE\\SYSTEM\\CurrentControlSet\\Control\\WMI\\Autologger\\EventLog-System\\{7b6bc78c-898b-4170-bbf8-1a469ea43fc5}""","""Microsoft-Windows-HttpEvent""",1,"{""EnableLevel"":0,""EnableProperty"":1,""Enabled"":1,""LoggerName"":""EventLog-System"",""MatchAllKeyword"":0,""MatchAnyKeyword"":9223372036854775808,""Status"":0}"
"""2025-07-18T10:56:35.5553597Z""","""{dd5ef90a-6398-47a4-ad34-4dcecdef795f}""","""HKEY_LOCAL_MACHINE\\SYSTEM\\CurrentControlSet\\Control\\WMI\\Autologger\\EventLog-System\\{dd5ef90a-6398-47a4-ad34-4dcecdef795f}""","""Microsoft-Windows-HttpService""",1,"{""EnableLevel"":0,""EnableProperty"":1,""Enabled"":1,""LoggerName"":""EventLog-System"",""MatchAllKeyword"":0,""MatchAnyKeyword"":4611686018427387904,""Status"":0}"
"""2025-07-18T10:56:35.5553597Z""","""{ba2ffb5c-e20a-4fb9-91b4-45f61b4b66a0}""","""HKEY_LOCAL_MACHINE\\SYSTEM\\CurrentControlSet\\Control\\WMI\\Autologger\\EventLog-System\\{ba2ffb5c-e20a-4fb9-91b4-45f61b4b66a0}""","""Microsoft-Windows-Hyper-V-Guest-Drivers-Dynamic-Memory""",1,"{""EnableLevel"":0,""EnableProperty"":1,""Enabled"":1,""LoggerName"":""EventLog-System"",""MatchAllKeyword"":0,""MatchAnyKeyword"":576460752303423488,""Status"":0}"
"""2025-07-18T10:56:35.5553597Z""","""{c18672d1-dc18-4dfd-91e4-170cf37160cf}""","""HKEY_LOCAL_MACHINE\\SYSTEM\\CurrentControlSet\\Control\\WMI\\Autologger\\EventLog-System\\{c18672d1-dc18-4dfd-91e4-170cf37160cf}""","""Microsoft-Windows-Hyper-V-Guest-Drivers-IcSvc""",1,"{""EnableLevel"":0,""EnableProperty"":1,""Enabled"":1,""LoggerName"":""EventLog-System"",""MatchAllKeyword"":0,""MatchAnyKeyword"":4611686018427387904,""Status"":0}"
"""2025-07-18T10:56:35.5353299Z""","""{0b9fdccc-451c-449c-9bd8-6756fcc6091a}""","""HKEY_LOCAL_MACHINE\\SYSTEM\\CurrentControlSet\\Control\\WMI\\Autologger\\EventLog-System\\{0b9fdccc-451c-449c-9bd8-6756fcc6091a}""","""Microsoft-Windows-Hyper-V-Guest-Drivers-Storage-Filter""",1,"{""EnableLevel"":0,""EnableProperty"":1,""Enabled"":1,""LoggerName"":""EventLog-System"",""MatchAllKeyword"":0,""MatchAnyKeyword"":4611686018427387904,""Status"":0}"
"""2025-07-18T10:56:35.5553597Z""","""{f2e2ce31-0e8a-4e46-a03b-2e0fe97e93c2}""","""HKEY_LOCAL_MACHINE\\SYSTEM\\CurrentControlSet\\Control\\WMI\\Autologger\\EventLog-System\\{f2e2ce31-0e8a-4e46-a03b-2e0fe97e93c2}""","""Microsoft-Windows-Hyper-V-Guest-Drivers-Vmbus""",1,"{""EnableLevel"":0,""EnableProperty"":1,""Enabled"":1,""LoggerName"":""EventLog-System"",""MatchAllKeyword"":0,""MatchAnyKeyword"":9223372036854775808,""Status"":0}"
"""2025-07-18T10:56:35.5353299Z""","""{52fc89f8-995e-434c-a91e-199986449890}""","""HKEY_LOCAL_MACHINE\\SYSTEM\\CurrentControlSet\\Control\\WMI\\Autologger\\EventLog-System\\{52fc89f8-995e-434c-a91e-199986449890}""","""Microsoft-Windows-Hyper-V-Hypervisor""",1,"{""EnableLevel"":0,""EnableProperty"":1,""Enabled"":1,""LoggerName"":""EventLog-System"",""MatchAllKeyword"":0,""MatchAnyKeyword"":16140901064495857664,""Status"":0}"
"""2025-07-24T01:39:29.4554561Z""","""{152fbe4b-c7ad-4f68-bada-a4fcc1464f6c}""","""HKEY_LOCAL_MACHINE\\SYSTEM\\CurrentControlSet\\Control\\WMI\\Autologger\\EventLog-System\\{152fbe4b-c7ad-4f68-bada-a4fcc1464f6c}""","""Microsoft-Windows-Hyper-V-Netvsc""",1,"{""EnableLevel"":0,""EnableProperty"":1,""Enabled"":1,""LoggerName"":""EventLog-System"",""MatchAllKeyword"":0,""MatchAnyKeyword"":9223372036854775808,""Status"":0}"
"""2025-07-18T10:56:35.5353299Z""","""{5931d877-4860-4ee7-a95c-610a5f0d1407}""","""HKEY_LOCAL_MACHINE\\SYSTEM\\CurrentControlSet\\Control\\WMI\\Autologger\\EventLog-System\\{5931d877-4860-4ee7-a95c-610a5f0d1407}""","""Microsoft-Windows-Hyper-V-VID""",1,"{""EnableLevel"":0,""EnableProperty"":1,""Enabled"":1,""LoggerName"":""EventLog-System"",""MatchAllKeyword"":0,""MatchAnyKeyword"":4611686018427387904,""Status"":0}"
"""2025-07-18T10:56:35.5353299Z""","""{66a5c15c-4f8e-4044-bf6e-71d896038977}""","""HKEY_LOCAL_MACHINE\\SYSTEM\\CurrentControlSet\\Control\\WMI\\Autologger\\EventLog-System\\{66a5c15c-4f8e-4044-bf6e-71d896038977}""","""Microsoft-Windows-Iphlpsvc""",1,"{""EnableLevel"":0,""EnableProperty"":1,""Enabled"":1,""LoggerName"":""EventLog-System"",""MatchAllKeyword"":0,""MatchAnyKeyword"":9223372036854775808,""Status"":0}"
"""2025-07-18T10:56:35.5353299Z""","""{73a33ab2-1966-4999-8add-868c41415269}""","""HKEY_LOCAL_MACHINE\\SYSTEM\\CurrentControlSet\\Control\\WMI\\Autologger\\EventLog-System\\{73a33ab2-1966-4999-8add-868c41415269}""","""Microsoft-Windows-IsolatedUserMode""",1,"{""EnableLevel"":0,""EnableProperty"":1,""Enabled"":1,""LoggerName"":""EventLog-System"",""MatchAllKeyword"":0,""MatchAnyKeyword"":9223372036854775808,""Status"":0}"
"""2025-07-18T10:56:35.5353299Z""","""{89203471-d554-47d4-bde4-7552ec219999}""","""HKEY_LOCAL_MACHINE\\SYSTEM\\CurrentControlSet\\Control\\WMI\\Autologger\\EventLog-System\\{89203471-d554-47d4-bde4-7552ec219999}""","""Microsoft-Windows-KdsSvc""",1,"{""EnableLevel"":0,""EnableProperty"":1,""Enabled"":1,""LoggerName"":""EventLog-System"",""MatchAllKeyword"":0,""MatchAnyKeyword"":9223372036854775808,""Status"":0}"
"""2025-07-18T10:56:35.5353299Z""","""{15ca44ff-4d7a-4baa-bba5-0998955e531e}""","""HKEY_LOCAL_MACHINE\\SYSTEM\\CurrentControlSet\\Control\\WMI\\Autologger\\EventLog-System\\{15ca44ff-4d7a-4baa-bba5-0998955e531e}""","""Microsoft-Windows-Kernel-Boot""",1,"{""EnableLevel"":0,""EnableProperty"":1,""Enabled"":1,""LoggerName"":""EventLog-System"",""MatchAllKeyword"":0,""MatchAnyKeyword"":11529215046068469760,""Status"":0}"
"""2025-07-18T10:56:35.5553597Z""","""{b675ec37-bdb6-4648-bc92-f3fdc74d3ca2}""","""HKEY_LOCAL_MACHINE\\SYSTEM\\CurrentControlSet\\Control\\WMI\\Autologger\\EventLog-System\\{b675ec37-bdb6-4648-bc92-f3fdc74d3ca2}""","""Microsoft-Windows-Kernel-EventTracing""",1,"{""EnableLevel"":0,""EnableProperty"":1,""Enabled"":1,""LoggerName"":""EventLog-System"",""MatchAllKeyword"":0,""MatchAnyKeyword"":9223372036854775808,""Status"":0}"
"""2025-07-18T10:56:35.5353299Z""","""{a68ca8b7-004f-d7b6-a698-07e2de0f1f5d}""","""HKEY_LOCAL_MACHINE\\SYSTEM\\CurrentControlSet\\Control\\WMI\\Autologger\\EventLog-System\\{a68ca8b7-004f-d7b6-a698-07e2de0f1f5d}""","""Microsoft-Windows-Kernel-General""",1,"{""EnableLevel"":0,""EnableProperty"":1,""Enabled"":1,""LoggerName"":""EventLog-System"",""MatchAllKeyword"":0,""MatchAnyKeyword"":9223372036854775808,""Status"":0}"
"""2025-07-18T10:56:35.5353299Z""","""{abf1f586-2e50-4ba8-928d-49044e6f0db7}""","""HKEY_LOCAL_MACHINE\\SYSTEM\\CurrentControlSet\\Control\\WMI\\Autologger\\EventLog-System\\{abf1f586-2e50-4ba8-928d-49044e6f0db7}""","""Microsoft-Windows-Kernel-IO""",1,"{""EnableLevel"":0,""EnableProperty"":1,""Enabled"":1,""LoggerName"":""EventLog-System"",""MatchAllKeyword"":0,""MatchAnyKeyword"":13835058055282163712,""Status"":0}"
"""2025-07-18T10:56:35.5353299Z""","""{951b41ea-c830-44dc-a671-e2c9958809b8}""","""HKEY_LOCAL_MACHINE\\SYSTEM\\CurrentControlSet\\Control\\WMI\\Autologger\\EventLog-System\\{951b41ea-c830-44dc-a671-e2c9958809b8}""","""Microsoft-Windows-Kernel-Interrupt-Steering""",1,"{""EnableLevel"":0,""EnableProperty"":1,""Enabled"":1,""LoggerName"":""EventLog-System"",""MatchAllKeyword"":0,""MatchAnyKeyword"":9223372036854775808,""Status"":0}"
"""2025-07-18T10:56:35.5553597Z""","""{bef2aa8e-81cd-11e2-a7bb-5eac6188709b}""","""HKEY_LOCAL_MACHINE\\SYSTEM\\CurrentControlSet\\Control\\WMI\\Autologger\\EventLog-System\\{bef2aa8e-81cd-11e2-a7bb-5eac6188709b}""","""Microsoft-Windows-Kernel-LiveDump""",1,"{""EnableLevel"":0,""EnableProperty"":1,""Enabled"":1,""LoggerName"":""EventLog-System"",""MatchAllKeyword"":0,""MatchAnyKeyword"":4611686018427387904,""Status"":0}"
"""2025-07-18T10:56:35.5353299Z""","""{9c205a39-1250-487d-abd7-e831c6290539}""","""HKEY_LOCAL_MACHINE\\SYSTEM\\CurrentControlSet\\Control\\WMI\\Autologger\\EventLog-System\\{9c205a39-1250-487d-abd7-e831c6290539}""","""Microsoft-Windows-Kernel-PnP""",1,"{""EnableLevel"":0,""EnableProperty"":1,""Enabled"":1,""LoggerName"":""EventLog-System"",""MatchAllKeyword"":0,""MatchAnyKeyword"":13979173243358019584,""Status"":0}"
"""2025-07-18T10:56:35.5353299Z""","""{331c3b3a-2005-44c2-ac5e-77220c37d6b4}""","""HKEY_LOCAL_MACHINE\\SYSTEM\\CurrentControlSet\\Control\\WMI\\Autologger\\EventLog-System\\{331c3b3a-2005-44c2-ac5e-77220c37d6b4}""","""Microsoft-Windows-Kernel-Power""",1,"{""EnableLevel"":0,""EnableProperty"":1,""Enabled"":1,""LoggerName"":""EventLog-System"",""MatchAllKeyword"":0,""MatchAnyKeyword"":10376293541461622784,""Status"":0}"
"""2025-07-18T10:56:35.5353299Z""","""{0f67e49f-fe51-4e9f-b490-6f2948cc6027}""","""HKEY_LOCAL_MACHINE\\SYSTEM\\CurrentControlSet\\Control\\WMI\\Autologger\\EventLog-System\\{0f67e49f-fe51-4e9f-b490-6f2948cc6027}""","""Microsoft-Windows-Kernel-Processor-Power""",1,"{""EnableLevel"":0,""EnableProperty"":1,""Enabled"":1,""LoggerName"":""EventLog-System"",""MatchAllKeyword"":0,""MatchAnyKeyword"":9223372036854775808,""Status"":0}"
"""2025-07-18T10:56:35.5353299Z""","""{0bf2fb94-7b60-4b4d-9766-e82f658df540}""","""HKEY_LOCAL_MACHINE\\SYSTEM\\CurrentControlSet\\Control\\WMI\\Autologger\\EventLog-System\\{0bf2fb94-7b60-4b4d-9766-e82f658df540}""","""Microsoft-Windows-Kernel-ShimEngine""",1,"{""EnableLevel"":0,""EnableProperty"":1,""Enabled"":1,""LoggerName"":""EventLog-System"",""MatchAllKeyword"":0,""MatchAnyKeyword"":4611686018427387904,""Status"":0}"
"""2025-07-18T10:56:35.5353299Z""","""{a6ad76e3-867a-4635-91b3-4904ba6374d7}""","""HKEY_LOCAL_MACHINE\\SYSTEM\\CurrentControlSet\\Control\\WMI\\Autologger\\EventLog-System\\{a6ad76e3-867a-4635-91b3-4904ba6374d7}""","""Microsoft-Windows-Kernel-StoreMgr""",1,"{""EnableLevel"":0,""EnableProperty"":1,""Enabled"":1,""LoggerName"":""EventLog-System"",""MatchAllKeyword"":0,""MatchAnyKeyword"":4611686018427387904,""Status"":0}"
"""2025-07-18T10:56:35.5353299Z""","""{4cec9c95-a65f-4591-b5c4-30100e51d870}""","""HKEY_LOCAL_MACHINE\\SYSTEM\\CurrentControlSet\\Control\\WMI\\Autologger\\EventLog-System\\{4cec9c95-a65f-4591-b5c4-30100e51d870}""","""Microsoft-Windows-Kernel-Tm""",1,"{""EnableLevel"":0,""EnableProperty"":1,""Enabled"":1,""LoggerName"":""EventLog-System"",""MatchAllKeyword"":0,""MatchAnyKeyword"":9223372036854775808,""Status"":0}"
"""2025-07-18T10:56:35.5353299Z""","""{2ff3e6b7-cb90-4700-9621-443f389734ed}""","""HKEY_LOCAL_MACHINE\\SYSTEM\\CurrentControlSet\\Control\\WMI\\Autologger\\EventLog-System\\{2ff3e6b7-cb90-4700-9621-443f389734ed}""","""Microsoft-Windows-Kernel-WDI""",1,"{""EnableLevel"":0,""EnableProperty"":1,""Enabled"":1,""LoggerName"":""EventLog-System"",""MatchAllKeyword"":0,""MatchAnyKeyword"":2305843009213693952,""Status"":0}"
"""2025-07-18T10:56:35.5353299Z""","""{7b563579-53c8-44e7-8236-0f87b9fe6594}""","""HKEY_LOCAL_MACHINE\\SYSTEM\\CurrentControlSet\\Control\\WMI\\Autologger\\EventLog-System\\{7b563579-53c8-44e7-8236-0f87b9fe6594}""","""Microsoft-Windows-Kernel-WHEA""",1,"{""EnableLevel"":0,""EnableProperty"":1,""Enabled"":1,""LoggerName"":""EventLog-System"",""MatchAllKeyword"":0,""MatchAnyKeyword"":16140901064495857664,""Status"":0}"
"""2025-07-18T10:56:35.5553597Z""","""{f029ac39-38f0-4a40-b7de-404d244004cb}""","""HKEY_LOCAL_MACHINE\\SYSTEM\\CurrentControlSet\\Control\\WMI\\Autologger\\EventLog-System\\{f029ac39-38f0-4a40-b7de-404d244004cb}""","""Microsoft-Windows-Kernel-XDV""",1,"{""EnableLevel"":0,""EnableProperty"":1,""Enabled"":1,""LoggerName"":""EventLog-System"",""MatchAllKeyword"":0,""MatchAnyKeyword"":4611686018427387904,""Status"":0}"
"""2025-07-18T10:56:35.5353299Z""","""{84de80eb-86e8-4ff6-85a6-9319abd578a4}""","""HKEY_LOCAL_MACHINE\\SYSTEM\\CurrentControlSet\\Control\\WMI\\Autologger\\EventLog-System\\{84de80eb-86e8-4ff6-85a6-9319abd578a4}""","""Microsoft-Windows-KeyboardFilter""",1,"{""EnableLevel"":0,""EnableProperty"":1,""Enabled"":1,""LoggerName"":""EventLog-System"",""MatchAllKeyword"":0,""MatchAnyKeyword"":4611686018427387904,""Status"":0}"
"""2025-07-24T08:27:16.778716Z""","""{4fcc72a9-d7ca-5dd2-8d34-6f41a0cdb7e0}""","""HKEY_LOCAL_MACHINE\\SYSTEM\\CurrentControlSet\\Control\\WMI\\Autologger\\EventLog-System\\{4fcc72a9-d7ca-5dd2-8d34-6f41a0cdb7e0}""","""Microsoft-Windows-LAPS""",1,"{""EnableLevel"":0,""EnableProperty"":1,""Enabled"":1,""LoggerName"":""EventLog-System"",""MatchAllKeyword"":0,""MatchAnyKeyword"":9223372036854775808,""Status"":0}"
"""2025-07-18T10:56:35.5353299Z""","""{7237fff9-a08a-4804-9c79-4a8704b70b87}""","""HKEY_LOCAL_MACHINE\\SYSTEM\\CurrentControlSet\\Control\\WMI\\Autologger\\EventLog-System\\{7237fff9-a08a-4804-9c79-4a8704b70b87}""","""Microsoft-Windows-LanguagePackSetup""",1,"{""EnableLevel"":0,""EnableProperty"":1,""Enabled"":1,""LoggerName"":""EventLog-System"",""MatchAllKeyword"":0,""MatchAnyKeyword"":13835058055282163712,""Status"":0}"
"""2025-07-18T10:56:35.5353299Z""","""{05f02597-fe85-4e67-8542-69567ab8fd4f}""","""HKEY_LOCAL_MACHINE\\SYSTEM\\CurrentControlSet\\Control\\WMI\\Autologger\\EventLog-System\\{05f02597-fe85-4e67-8542-69567ab8fd4f}""","""Microsoft-Windows-LiveId""",1,"{""EnableLevel"":0,""EnableProperty"":1,""Enabled"":1,""LoggerName"":""EventLog-System"",""MatchAllKeyword"":0,""MatchAnyKeyword"":4611686018427387904,""Status"":0}"
"""2025-07-18T10:56:35.5353299Z""","""{a8a1f2f6-a13a-45e9-b1fe-3419569e5ef2}""","""HKEY_LOCAL_MACHINE\\SYSTEM\\CurrentControlSet\\Control\\WMI\\Autologger\\EventLog-System\\{a8a1f2f6-a13a-45e9-b1fe-3419569e5ef2}""","""Microsoft-Windows-MUI""",1,"{""EnableLevel"":0,""EnableProperty"":1,""Enabled"":1,""LoggerName"":""EventLog-System"",""MatchAllKeyword"":0,""MatchAnyKeyword"":13835058055282163712,""Status"":0}"
"""2025-07-18T10:56:35.5553597Z""","""{babda89a-4d5e-48eb-af3d-e0e8410207c0}""","""HKEY_LOCAL_MACHINE\\SYSTEM\\CurrentControlSet\\Control\\WMI\\Autologger\\EventLog-System\\{babda89a-4d5e-48eb-af3d-e0e8410207c0}""","""Microsoft-Windows-Memory-Diagnostic-Task-Handler""",1,"{""EnableLevel"":0,""EnableProperty"":1,""Enabled"":1,""LoggerName"":""EventLog-System"",""MatchAllKeyword"":0,""MatchAnyKeyword"":9223372036854775808,""Status"":0}"
"""2025-07-18T10:56:35.5353299Z""","""{5f92bc59-248f-4111-86a9-e393e12c6139}""","""HKEY_LOCAL_MACHINE\\SYSTEM\\CurrentControlSet\\Control\\WMI\\Autologger\\EventLog-System\\{5f92bc59-248f-4111-86a9-e393e12c6139}""","""Microsoft-Windows-MemoryDiagnostics-Results""",1,"{""EnableLevel"":0,""EnableProperty"":1,""Enabled"":1,""LoggerName"":""EventLog-System"",""MatchAllKeyword"":0,""MatchAnyKeyword"":13835058055282163712,""Status"":0}"
"""2025-07-18T10:56:35.5353299Z""","""{73e9c9de-a148-41f7-b1db-4da051fdc327}""","""HKEY_LOCAL_MACHINE\\SYSTEM\\CurrentControlSet\\Control\\WMI\\Autologger\\EventLog-System\\{73e9c9de-a148-41f7-b1db-4da051fdc327}""","""Microsoft-Windows-MemoryDiagnostics-Schedule""",1,"{""EnableLevel"":0,""EnableProperty"":1,""Enabled"":1,""LoggerName"":""EventLog-System"",""MatchAllKeyword"":0,""MatchAnyKeyword"":9223372036854775808,""Status"":0}"
"""2025-07-18T10:56:35.5553597Z""","""{e3bac9f8-27be-4823-8d7f-1cc320c05fa7}""","""HKEY_LOCAL_MACHINE\\SYSTEM\\CurrentControlSet\\Control\\WMI\\Autologger\\EventLog-System\\{e3bac9f8-27be-4823-8d7f-1cc320c05fa7}""","""Microsoft-Windows-MountMgr""",1,"{""EnableLevel"":0,""EnableProperty"":1,""Enabled"":1,""LoggerName"":""EventLog-System"",""MatchAllKeyword"":0,""MatchAnyKeyword"":9223372036854775808,""Status"":0}"
"""2025-07-18T10:56:35.5553597Z""","""{cdead503-17f5-4a3e-b7ae-df8cc2902eb9}""","""HKEY_LOCAL_MACHINE\\SYSTEM\\CurrentControlSet\\Control\\WMI\\Autologger\\EventLog-System\\{cdead503-17f5-4a3e-b7ae-df8cc2902eb9}""","""Microsoft-Windows-NDIS""",1,"{""EnableLevel"":0,""EnableProperty"":1,""Enabled"":1,""LoggerName"":""EventLog-System"",""MatchAllKeyword"":0,""MatchAnyKeyword"":2305843009213693952,""Status"":0}"
"""2025-07-18T10:56:35.5353299Z""","""{ac43300d-5fcc-4800-8e99-1bd3f85f0320}""","""HKEY_LOCAL_MACHINE\\SYSTEM\\CurrentControlSet\\Control\\WMI\\Autologger\\EventLog-System\\{ac43300d-5fcc-4800-8e99-1bd3f85f0320}""","""Microsoft-Windows-NTLM""",1,"{""EnableLevel"":0,""EnableProperty"":1,""Enabled"":1,""LoggerName"":""EventLog-System"",""MatchAllKeyword"":0,""MatchAnyKeyword"":9223372036854775808,""Status"":0}"
"""2025-07-18T10:56:35.5353299Z""","""{11c5d8ad-756a-42c2-8087-eb1b4a72a846}""","""HKEY_LOCAL_MACHINE\\SYSTEM\\CurrentControlSet\\Control\\WMI\\Autologger\\EventLog-System\\{11c5d8ad-756a-42c2-8087-eb1b4a72a846}""","""Microsoft-Windows-NdisImPlatformEventProvider""",1,"{""EnableLevel"":0,""EnableProperty"":1,""Enabled"":1,""LoggerName"":""EventLog-System"",""MatchAllKeyword"":0,""MatchAnyKeyword"":9223372036854775808,""Status"":0}"
"""2025-07-18T10:56:35.5353299Z""","""{62de9e48-90c6-4755-8813-6a7d655b0802}""","""HKEY_LOCAL_MACHINE\\SYSTEM\\CurrentControlSet\\Control\\WMI\\Autologger\\EventLog-System\\{62de9e48-90c6-4755-8813-6a7d655b0802}""","""Microsoft-Windows-NdisImPlatformSysEvtProvider""",1,"{""EnableLevel"":0,""EnableProperty"":1,""Enabled"":1,""LoggerName"":""EventLog-System"",""MatchAllKeyword"":0,""MatchAnyKeyword"":9223372036854775808,""Status"":0}"
"""2025-07-18T10:56:35.5353299Z""","""{a67075c2-3e39-4109-b6cd-6d750058a731}""","""HKEY_LOCAL_MACHINE\\SYSTEM\\CurrentControlSet\\Control\\WMI\\Autologger\\EventLog-System\\{a67075c2-3e39-4109-b6cd-6d750058a731}""","""Microsoft-Windows-NetworkBridge""",1,"{""EnableLevel"":0,""EnableProperty"":1,""Enabled"":1,""LoggerName"":""EventLog-System"",""MatchAllKeyword"":0,""MatchAnyKeyword"":9223372036854775808,""Status"":0}"
"""2025-07-18T10:56:35.5353299Z""","""{1e9a4978-78c2-441e-8858-75b5d1326bc5}""","""HKEY_LOCAL_MACHINE\\SYSTEM\\CurrentControlSet\\Control\\WMI\\Autologger\\EventLog-System\\{1e9a4978-78c2-441e-8858-75b5d1326bc5}""","""Microsoft-Windows-NetworkProvider""",1,"{""EnableLevel"":0,""EnableProperty"":1,""Enabled"":1,""LoggerName"":""EventLog-System"",""MatchAllKeyword"":0,""MatchAnyKeyword"":9223372036854775808,""Status"":0}"
"""2025-07-18T10:56:35.5353299Z""","""{3ff37a1c-a68d-4d6e-8c9b-f79e8b16c482}""","""HKEY_LOCAL_MACHINE\\SYSTEM\\CurrentControlSet\\Control\\WMI\\Autologger\\EventLog-System\\{3ff37a1c-a68d-4d6e-8c9b-f79e8b16c482}""","""Microsoft-Windows-Ntfs""",1,"{""EnableLevel"":0,""EnableProperty"":1,""Enabled"":1,""LoggerName"":""EventLog-System"",""MatchAllKeyword"":0,""MatchAnyKeyword"":16140901064495857664,""Status"":0}"
"""2025-07-18T10:56:35.5353299Z""","""{8e6a5303-a4ce-498f-afdb-e03a8a82b077}""","""HKEY_LOCAL_MACHINE\\SYSTEM\\CurrentControlSet\\Control\\WMI\\Autologger\\EventLog-System\\{8e6a5303-a4ce-498f-afdb-e03a8a82b077}""","""Microsoft-Windows-Ntfs-UBPM""",1,"{""EnableLevel"":0,""EnableProperty"":1,""Enabled"":1,""LoggerName"":""EventLog-System"",""MatchAllKeyword"":0,""MatchAnyKeyword"":9223372036854775808,""Status"":0}"
"""2025-07-18T10:56:35.5353299Z""","""{2bef5442-d402-5a72-58e1-cb7e491bf179}""","""HKEY_LOCAL_MACHINE\\SYSTEM\\CurrentControlSet\\Control\\WMI\\Autologger\\EventLog-System\\{2bef5442-d402-5a72-58e1-cb7e491bf179}""","""Microsoft-Windows-OcpUpdateAgent""",1,"{""EnableLevel"":0,""EnableProperty"":1,""Enabled"":1,""LoggerName"":""EventLog-System"",""MatchAllKeyword"":0,""MatchAnyKeyword"":9223372036854775808,""Status"":0}"
"""2025-07-18T10:56:35.5353299Z""","""{95353826-4fbe-41d4-9c42-f521c6e86360}""","""HKEY_LOCAL_MACHINE\\SYSTEM\\CurrentControlSet\\Control\\WMI\\Autologger\\EventLog-System\\{95353826-4fbe-41d4-9c42-f521c6e86360}""","""Microsoft-Windows-OfflineFiles""",1,"{""EnableLevel"":0,""EnableProperty"":1,""Enabled"":1,""LoggerName"":""EventLog-System"",""MatchAllKeyword"":0,""MatchAnyKeyword"":9223372036854775808,""Status"":0}"
"""2025-07-18T10:56:35.5353299Z""","""{46c78e5c-a213-46a8-8a6b-622f6916201d}""","""HKEY_LOCAL_MACHINE\\SYSTEM\\CurrentControlSet\\Control\\WMI\\Autologger\\EventLog-System\\{46c78e5c-a213-46a8-8a6b-622f6916201d}""","""Microsoft-Windows-OverlayFilter""",1,"{""EnableLevel"":0,""EnableProperty"":1,""Enabled"":1,""LoggerName"":""EventLog-System"",""MatchAllKeyword"":0,""MatchAnyKeyword"":9223372036854775808,""Status"":0}"
"""2025-07-18T10:56:35.5353299Z""","""{412bdff2-a8c4-470d-8f33-63fe0d8c20e2}""","""HKEY_LOCAL_MACHINE\\SYSTEM\\CurrentControlSet\\Control\\WMI\\Autologger\\EventLog-System\\{412bdff2-a8c4-470d-8f33-63fe0d8c20e2}""","""Microsoft-Windows-Partition""",1,"{""EnableLevel"":0,""EnableProperty"":1,""Enabled"":1,""LoggerName"":""EventLog-System"",""MatchAllKeyword"":0,""MatchAnyKeyword"":9223372036854775808,""Status"":0}"
"""2025-07-18T10:56:35.5353299Z""","""{a7f2235f-be51-51ed-decf-f4498812a9a2}""","""HKEY_LOCAL_MACHINE\\SYSTEM\\CurrentControlSet\\Control\\WMI\\Autologger\\EventLog-System\\{a7f2235f-be51-51ed-decf-f4498812a9a2}""","""Microsoft-Windows-PersistentMemory-Nvdimm""",1,"{""EnableLevel"":0,""EnableProperty"":1,""Enabled"":1,""LoggerName"":""EventLog-System"",""MatchAllKeyword"":0,""MatchAnyKeyword"":10376293541461622784,""Status"":0}"
"""2025-07-18T10:56:35.5353299Z""","""{0fa2ee03-1feb-5057-3bb3-eb25521b8482}""","""HKEY_LOCAL_MACHINE\\SYSTEM\\CurrentControlSet\\Control\\WMI\\Autologger\\EventLog-System\\{0fa2ee03-1feb-5057-3bb3-eb25521b8482}""","""Microsoft-Windows-PersistentMemory-PmemDisk""",1,"{""EnableLevel"":0,""EnableProperty"":1,""Enabled"":1,""LoggerName"":""EventLog-System"",""MatchAllKeyword"":0,""MatchAnyKeyword"":10376293541461622784,""Status"":0}"
"""2025-07-18T10:56:35.5553597Z""","""{c03715ce-ea6f-5b67-4449-da1d1e1afeb8}""","""HKEY_LOCAL_MACHINE\\SYSTEM\\CurrentControlSet\\Control\\WMI\\Autologger\\EventLog-System\\{c03715ce-ea6f-5b67-4449-da1d1e1afeb8}""","""Microsoft-Windows-PersistentMemory-ScmBus""",1,"{""EnableLevel"":0,""EnableProperty"":1,""Enabled"":1,""LoggerName"":""EventLog-System"",""MatchAllKeyword"":0,""MatchAnyKeyword"":3458764513820540928,""Status"":0}"
"""2025-07-18T10:56:35.5353299Z""","""{306c4e0b-e148-543d-315b-c618eb93157c}""","""HKEY_LOCAL_MACHINE\\SYSTEM\\CurrentControlSet\\Control\\WMI\\Autologger\\EventLog-System\\{306c4e0b-e148-543d-315b-c618eb93157c}""","""Microsoft-Windows-Power-Meter-Polling""",1,"{""EnableLevel"":0,""EnableProperty"":1,""Enabled"":1,""LoggerName"":""EventLog-System"",""MatchAllKeyword"":0,""MatchAnyKeyword"":4611686018427387904,""Status"":0}"
"""2025-07-18T10:56:35.5553597Z""","""{cdc05e28-c449-49c6-b9d2-88cf761644df}""","""HKEY_LOCAL_MACHINE\\SYSTEM\\CurrentControlSet\\Control\\WMI\\Autologger\\EventLog-System\\{cdc05e28-c449-49c6-b9d2-88cf761644df}""","""Microsoft-Windows-Power-Troubleshooter""",1,"{""EnableLevel"":0,""EnableProperty"":1,""Enabled"":1,""LoggerName"":""EventLog-System"",""MatchAllKeyword"":0,""MatchAnyKeyword"":9223372036854775808,""Status"":0}"
"""2025-07-18T10:56:35.5353299Z""","""{4cb314df-c11f-47d7-9c04-65fb0051561b}""","""HKEY_LOCAL_MACHINE\\SYSTEM\\CurrentControlSet\\Control\\WMI\\Autologger\\EventLog-System\\{4cb314df-c11f-47d7-9c04-65fb0051561b}""","""Microsoft-Windows-Program-Compatibility-Assistant""",1,"{""EnableLevel"":0,""EnableProperty"":1,""Enabled"":1,""LoggerName"":""EventLog-System"",""MatchAllKeyword"":0,""MatchAnyKeyword"":1152921504606846976,""Status"":0}"
"""2025-07-18T10:56:35.5553597Z""","""{cd9c6198-bf73-4106-803b-c17d26559018}""","""HKEY_LOCAL_MACHINE\\SYSTEM\\CurrentControlSet\\Control\\WMI\\Autologger\\EventLog-System\\{cd9c6198-bf73-4106-803b-c17d26559018}""","""Microsoft-Windows-ReFS""",1,"{""EnableLevel"":0,""EnableProperty"":1,""Enabled"":1,""LoggerName"":""EventLog-System"",""MatchAllKeyword"":0,""MatchAnyKeyword"":13835058055282163712,""Status"":0}"
"""2025-07-18T10:56:35.5353299Z""","""{059f0f37-910e-4ff0-a7ee-ae8d49dd319b}""","""HKEY_LOCAL_MACHINE\\SYSTEM\\CurrentControlSet\\Control\\WMI\\Autologger\\EventLog-System\\{059f0f37-910e-4ff0-a7ee-ae8d49dd319b}""","""Microsoft-Windows-ReFS-v1""",1,"{""EnableLevel"":0,""EnableProperty"":1,""Enabled"":1,""LoggerName"":""EventLog-System"",""MatchAllKeyword"":0,""MatchAnyKeyword"":9223372036854775808,""Status"":0}"
"""2025-07-18T10:56:35.5353299Z""","""{2a274310-42d5-4019-b816-e4b8c7abe95c}""","""HKEY_LOCAL_MACHINE\\SYSTEM\\CurrentControlSet\\Control\\WMI\\Autologger\\EventLog-System\\{2a274310-42d5-4019-b816-e4b8c7abe95c}""","""Microsoft-Windows-ReadyBoostDriver""",1,"{""EnableLevel"":0,""EnableProperty"":1,""Enabled"":1,""LoggerName"":""EventLog-System"",""MatchAllKeyword"":0,""MatchAnyKeyword"":4611686018427387904,""Status"":0}"
"""2025-07-18T10:56:35.5353299Z""","""{3903d5b9-988d-4c31-9ccd-4022f96703f0}""","""HKEY_LOCAL_MACHINE\\SYSTEM\\CurrentControlSet\\Control\\WMI\\Autologger\\EventLog-System\\{3903d5b9-988d-4c31-9ccd-4022f96703f0}""","""Microsoft-Windows-RemoteDesktopServices-RemoteFX-Synth3dvsc""",1,"{""EnableLevel"":0,""EnableProperty"":1,""Enabled"":1,""LoggerName"":""EventLog-System"",""MatchAllKeyword"":0,""MatchAnyKeyword"":9223372036854775808,""Status"":0}"
"""2025-07-18T10:56:35.5353299Z""","""{a4445c76-ed85-c8a3-02c1-532a38614a9e}""","""HKEY_LOCAL_MACHINE\\SYSTEM\\CurrentControlSet\\Control\\WMI\\Autologger\\EventLog-System\\{a4445c76-ed85-c8a3-02c1-532a38614a9e}""","""Microsoft-Windows-ResetEng""",1,"{""EnableLevel"":0,""EnableProperty"":1,""Enabled"":1,""LoggerName"":""EventLog-System"",""MatchAllKeyword"":0,""MatchAnyKeyword"":9223372036854775808,""Status"":0}"
"""2025-07-18T10:56:35.5353299Z""","""{9988748e-c2e8-4054-85f6-0c3e1cad2470}""","""HKEY_LOCAL_MACHINE\\SYSTEM\\CurrentControlSet\\Control\\WMI\\Autologger\\EventLog-System\\{9988748e-c2e8-4054-85f6-0c3e1cad2470}""","""Microsoft-Windows-Resource-Exhaustion-Detector""",1,"{""EnableLevel"":0,""EnableProperty"":1,""Enabled"":1,""LoggerName"":""EventLog-System"",""MatchAllKeyword"":0,""MatchAnyKeyword"":13835058055282163712,""Status"":0}"
"""2025-07-18T10:56:35.5353299Z""","""{74c2135f-cc76-45c3-879a-ef3bb1eeaf86}""","""HKEY_LOCAL_MACHINE\\SYSTEM\\CurrentControlSet\\Control\\WMI\\Autologger\\EventLog-System\\{74c2135f-cc76-45c3-879a-ef3bb1eeaf86}""","""Microsoft-Windows-ResourcePublication""",1,"{""EnableLevel"":0,""EnableProperty"":1,""Enabled"":1,""LoggerName"":""EventLog-System"",""MatchAllKeyword"":0,""MatchAnyKeyword"":9223372036854775808,""Status"":0}"
"""2025-07-18T10:56:35.5353299Z""","""{9f650c63-9409-453c-a652-83d7185a2e83}""","""HKEY_LOCAL_MACHINE\\SYSTEM\\CurrentControlSet\\Control\\WMI\\Autologger\\EventLog-System\\{9f650c63-9409-453c-a652-83d7185a2e83}""","""Microsoft-Windows-SCPNP""",1,"{""EnableLevel"":0,""EnableProperty"":1,""Enabled"":1,""LoggerName"":""EventLog-System"",""MatchAllKeyword"":0,""MatchAnyKeyword"":9223372036854775808,""Status"":0}"
"""2025-07-18T10:56:35.5353299Z""","""{988c59c5-0a1c-45b6-a555-0c62276e327d}""","""HKEY_LOCAL_MACHINE\\SYSTEM\\CurrentControlSet\\Control\\WMI\\Autologger\\EventLog-System\\{988c59c5-0a1c-45b6-a555-0c62276e327d}""","""Microsoft-Windows-SMBClient""",1,"{""EnableLevel"":0,""EnableProperty"":1,""Enabled"":1,""LoggerName"":""EventLog-System"",""MatchAllKeyword"":0,""MatchAnyKeyword"":2810246167479189504,""Status"":0}"
"""2025-07-18T10:56:35.5553597Z""","""{db66ea65-b7bb-4ca9-8748-334cb5c32400}""","""HKEY_LOCAL_MACHINE\\SYSTEM\\CurrentControlSet\\Control\\WMI\\Autologger\\EventLog-System\\{db66ea65-b7bb-4ca9-8748-334cb5c32400}""","""Microsoft-Windows-SMBDirect""",1,"{""EnableLevel"":0,""EnableProperty"":1,""Enabled"":1,""LoggerName"":""EventLog-System"",""MatchAllKeyword"":0,""MatchAnyKeyword"":9223372036854775808,""Status"":0}"
"""2025-07-18T10:56:35.5553597Z""","""{d48ce617-33a2-4bc3-a5c7-11aa4f29619e}""","""HKEY_LOCAL_MACHINE\\SYSTEM\\CurrentControlSet\\Control\\WMI\\Autologger\\EventLog-System\\{d48ce617-33a2-4bc3-a5c7-11aa4f29619e}""","""Microsoft-Windows-SMBServer""",1,"{""EnableLevel"":0,""EnableProperty"":1,""Enabled"":1,""LoggerName"":""EventLog-System"",""MatchAllKeyword"":0,""MatchAnyKeyword"":3314649325744685056,""Status"":0}"
"""2025-07-18T10:56:35.5353299Z""","""{72cd9ff7-4af8-4b89-aede-5f26fda13567}""","""HKEY_LOCAL_MACHINE\\SYSTEM\\CurrentControlSet\\Control\\WMI\\Autologger\\EventLog-System\\{72cd9ff7-4af8-4b89-aede-5f26fda13567}""","""Microsoft-Windows-SPB-ClassExtension""",1,"{""EnableLevel"":0,""EnableProperty"":1,""Enabled"":1,""LoggerName"":""EventLog-System"",""MatchAllKeyword"":0,""MatchAnyKeyword"":4611686018427387904,""Status"":0}"
"""2025-07-18T10:56:35.5353299Z""","""{991f8fe6-249d-44d6-b93d-5a3060c1dedb}""","""HKEY_LOCAL_MACHINE\\SYSTEM\\CurrentControlSet\\Control\\WMI\\Autologger\\EventLog-System\\{991f8fe6-249d-44d6-b93d-5a3060c1dedb}""","""Microsoft-Windows-SPB-HIDI2C""",1,"{""EnableLevel"":0,""EnableProperty"":1,""Enabled"":1,""LoggerName"":""EventLog-System"",""MatchAllKeyword"":0,""MatchAnyKeyword"":4611686018427387904,""Status"":0}"
"""2025-07-18T10:56:35.5553597Z""","""{ea216962-877b-5b73-f7c5-8aef5375959e}""","""HKEY_LOCAL_MACHINE\\SYSTEM\\CurrentControlSet\\Control\\WMI\\Autologger\\EventLog-System\\{ea216962-877b-5b73-f7c5-8aef5375959e}""","""Microsoft-Windows-Security-Adminless""",1,"{""EnableLevel"":0,""EnableProperty"":1,""Enabled"":1,""LoggerName"":""EventLog-System"",""MatchAllKeyword"":0,""MatchAnyKeyword"":9223372036854775808,""Status"":0}"
"""2025-07-18T10:56:35.5353299Z""","""{45eec9e5-4a1b-5446-7ad8-a4ab1313c437}""","""HKEY_LOCAL_MACHINE\\SYSTEM\\CurrentControlSet\\Control\\WMI\\Autologger\\EventLog-System\\{45eec9e5-4a1b-5446-7ad8-a4ab1313c437}""","""Microsoft-Windows-Security-LessPrivilegedAppContainer""",1,"{""EnableLevel"":0,""EnableProperty"":1,""Enabled"":1,""LoggerName"":""EventLog-System"",""MatchAllKeyword"":0,""MatchAnyKeyword"":9223372036854775808,""Status"":0}"
"""2025-07-18T10:56:35.5553597Z""","""{fae10392-f0af-4ac0-b8ff-9f4d920c3cdf}""","""HKEY_LOCAL_MACHINE\\SYSTEM\\CurrentControlSet\\Control\\WMI\\Autologger\\EventLog-System\\{fae10392-f0af-4ac0-b8ff-9f4d920c3cdf}""","""Microsoft-Windows-Security-Mitigations""",1,"{""EnableLevel"":0,""EnableProperty"":1,""Enabled"":1,""LoggerName"":""EventLog-System"",""MatchAllKeyword"":0,""MatchAnyKeyword"":9223372036854775808,""Status"":0}"
"""2025-07-18T10:56:35.5553597Z""","""{e5ba83f6-07d0-46b1-8bc7-7e669a1d31dc}""","""HKEY_LOCAL_MACHINE\\SYSTEM\\CurrentControlSet\\Control\\WMI\\Autologger\\EventLog-System\\{e5ba83f6-07d0-46b1-8bc7-7e669a1d31dc}""","""Microsoft-Windows-Security-Netlogon""",1,"{""EnableLevel"":0,""EnableProperty"":1,""Enabled"":1,""LoggerName"":""EventLog-System"",""MatchAllKeyword"":0,""MatchAnyKeyword"":13835058055282163712,""Status"":0}"
"""2025-07-18T10:56:35.5353299Z""","""{40783728-8921-45d0-b231-919037b4b4fd}""","""HKEY_LOCAL_MACHINE\\SYSTEM\\CurrentControlSet\\Control\\WMI\\Autologger\\EventLog-System\\{40783728-8921-45d0-b231-919037b4b4fd}""","""Microsoft-Windows-Security-UserConsentVerifier""",1,"{""EnableLevel"":0,""EnableProperty"":1,""Enabled"":1,""LoggerName"":""EventLog-System"",""MatchAllKeyword"":0,""MatchAnyKeyword"":9223372036854775808,""Status"":0}"
"""2025-07-18T10:56:35.5353299Z""","""{47bc9477-a8ba-452e-b951-4f2ed3593cf9}""","""HKEY_LOCAL_MACHINE\\SYSTEM\\CurrentControlSet\\Control\\WMI\\Autologger\\EventLog-System\\{47bc9477-a8ba-452e-b951-4f2ed3593cf9}""","""Microsoft-Windows-Serial-ClassExtension""",1,"{""EnableLevel"":0,""EnableProperty"":1,""Enabled"":1,""LoggerName"":""EventLog-System"",""MatchAllKeyword"":0,""MatchAnyKeyword"":4611686018427387904,""Status"":0}"
"""2025-07-18T10:56:35.5553597Z""","""{eee173ef-7ed2-45de-9877-01c70a852fbd}""","""HKEY_LOCAL_MACHINE\\SYSTEM\\CurrentControlSet\\Control\\WMI\\Autologger\\EventLog-System\\{eee173ef-7ed2-45de-9877-01c70a852fbd}""","""Microsoft-Windows-Serial-ClassExtension-V2""",1,"{""EnableLevel"":0,""EnableProperty"":1,""Enabled"":1,""LoggerName"":""EventLog-System"",""MatchAllKeyword"":0,""MatchAnyKeyword"":9223372036854775808,""Status"":0}"
"""2025-07-18T10:56:35.5353299Z""","""{75ebc33e-997f-49cf-b49f-ecc50184b75d}""","""HKEY_LOCAL_MACHINE\\SYSTEM\\CurrentControlSet\\Control\\WMI\\Autologger\\EventLog-System\\{75ebc33e-997f-49cf-b49f-ecc50184b75d}""","""Microsoft-Windows-Setup""",1,"{""EnableLevel"":0,""EnableProperty"":1,""Enabled"":1,""LoggerName"":""EventLog-System"",""MatchAllKeyword"":0,""MatchAnyKeyword"":2305843009213693952,""Status"":0}"
"""2025-07-18T10:56:35.5353299Z""","""{530fb9b9-c515-4472-9313-fb346f9255e3}""","""HKEY_LOCAL_MACHINE\\SYSTEM\\CurrentControlSet\\Control\\WMI\\Autologger\\EventLog-System\\{530fb9b9-c515-4472-9313-fb346f9255e3}""","""Microsoft-Windows-SetupPlatform""",1,"{""EnableLevel"":0,""EnableProperty"":1,""Enabled"":1,""LoggerName"":""EventLog-System"",""MatchAllKeyword"":0,""MatchAnyKeyword"":2305843009213693952,""Status"":0}"
"""2025-07-18T10:56:35.5353299Z""","""{125f2cf1-2768-4d33-976e-527137d080f8}""","""HKEY_LOCAL_MACHINE\\SYSTEM\\CurrentControlSet\\Control\\WMI\\Autologger\\EventLog-System\\{125f2cf1-2768-4d33-976e-527137d080f8}""","""Microsoft-Windows-SmartCard-TPM-VCard-Module""",1,"{""EnableLevel"":0,""EnableProperty"":1,""Enabled"":1,""LoggerName"":""EventLog-System"",""MatchAllKeyword"":0,""MatchAnyKeyword"":13835058055282163712,""Status"":0}"
"""2025-07-18T10:56:35.5553597Z""","""{d0e22efc-ac66-4b25-a72d-382736b5e940}""","""HKEY_LOCAL_MACHINE\\SYSTEM\\CurrentControlSet\\Control\\WMI\\Autologger\\EventLog-System\\{d0e22efc-ac66-4b25-a72d-382736b5e940}""","""Microsoft-Windows-Spell-Checking""",1,"{""EnableLevel"":0,""EnableProperty"":1,""Enabled"":1,""LoggerName"":""EventLog-System"",""MatchAllKeyword"":0,""MatchAnyKeyword"":4611686018427387904,""Status"":0}"
"""2025-07-18T10:56:35.5553597Z""","""{b2fcd41f-9a40-4150-8c92-b224b7d8c8aa}""","""HKEY_LOCAL_MACHINE\\SYSTEM\\CurrentControlSet\\Control\\WMI\\Autologger\\EventLog-System\\{b2fcd41f-9a40-4150-8c92-b224b7d8c8aa}""","""Microsoft-Windows-SpellChecker""",1,"{""EnableLevel"":0,""EnableProperty"":1,""Enabled"":1,""LoggerName"":""EventLog-System"",""MatchAllKeyword"":0,""MatchAnyKeyword"":4611686018427387904,""Status"":0}"
"""2025-07-18T10:56:35.5553597Z""","""{c914f0df-835a-4a22-8c70-732c9a80c634}""","""HKEY_LOCAL_MACHINE\\SYSTEM\\CurrentControlSet\\Control\\WMI\\Autologger\\EventLog-System\\{c914f0df-835a-4a22-8c70-732c9a80c634}""","""Microsoft-Windows-StartupRepair""",1,"{""EnableLevel"":0,""EnableProperty"":1,""Enabled"":1,""LoggerName"":""EventLog-System"",""MatchAllKeyword"":0,""MatchAnyKeyword"":9223372036854775808,""Status"":0}"
"""2025-07-18T10:56:35.5353299Z""","""{89592015-d996-4636-8f61-066b5d4dd739}""","""HKEY_LOCAL_MACHINE\\SYSTEM\\CurrentControlSet\\Control\\WMI\\Autologger\\EventLog-System\\{89592015-d996-4636-8f61-066b5d4dd739}""","""Microsoft-Windows-StateRepository""",1,"{""EnableLevel"":0,""EnableProperty"":1,""Enabled"":1,""LoggerName"":""EventLog-System"",""MatchAllKeyword"":0,""MatchAnyKeyword"":1152921504606846976,""Status"":0}"
"""2025-07-18T10:56:35.5553597Z""","""{f5d05b38-80a6-4653-825d-c414e4ab3c68}""","""HKEY_LOCAL_MACHINE\\SYSTEM\\CurrentControlSet\\Control\\WMI\\Autologger\\EventLog-System\\{f5d05b38-80a6-4653-825d-c414e4ab3c68}""","""Microsoft-Windows-StorDiag""",1,"{""EnableLevel"":0,""EnableProperty"":1,""Enabled"":1,""LoggerName"":""EventLog-System"",""MatchAllKeyword"":0,""MatchAnyKeyword"":576460752303423488,""Status"":0}"
"""2025-07-18T10:56:35.5553597Z""","""{c4636a1e-7986-4646-bf10-7bc3b4a76e8e}""","""HKEY_LOCAL_MACHINE\\SYSTEM\\CurrentControlSet\\Control\\WMI\\Autologger\\EventLog-System\\{c4636a1e-7986-4646-bf10-7bc3b4a76e8e}""","""Microsoft-Windows-StorPort""",1,"{""EnableLevel"":0,""EnableProperty"":1,""Enabled"":1,""LoggerName"":""EventLog-System"",""MatchAllKeyword"":0,""MatchAnyKeyword"":720575940379279360,""Status"":0}"
"""2025-07-18T10:56:35.5353299Z""","""{595f7f52-c90a-4026-a125-8eb5e083f15e}""","""HKEY_LOCAL_MACHINE\\SYSTEM\\CurrentControlSet\\Control\\WMI\\Autologger\\EventLog-System\\{595f7f52-c90a-4026-a125-8eb5e083f15e}""","""Microsoft-Windows-StorageSpaces-Driver""",1,"{""EnableLevel"":0,""EnableProperty"":1,""Enabled"":1,""LoggerName"":""EventLog-System"",""MatchAllKeyword"":0,""MatchAnyKeyword"":13835058055282163712,""Status"":0}"
"""2025-07-18T10:56:35.5353299Z""","""{a963a23c-0058-521d-71ec-a1cce6173f21}""","""HKEY_LOCAL_MACHINE\\SYSTEM\\CurrentControlSet\\Control\\WMI\\Autologger\\EventLog-System\\{a963a23c-0058-521d-71ec-a1cce6173f21}""","""Microsoft-Windows-Storsvc""",1,"{""EnableLevel"":0,""EnableProperty"":1,""Enabled"":1,""LoggerName"":""EventLog-System"",""MatchAllKeyword"":0,""MatchAnyKeyword"":9223372036854775808,""Status"":0}"
"""2025-07-18T10:56:35.5353299Z""","""{43e63da5-41d1-4fbf-aded-1bbed98fdd1d}""","""HKEY_LOCAL_MACHINE\\SYSTEM\\CurrentControlSet\\Control\\WMI\\Autologger\\EventLog-System\\{43e63da5-41d1-4fbf-aded-1bbed98fdd1d}""","""Microsoft-Windows-Subsys-SMSS""",1,"{""EnableLevel"":0,""EnableProperty"":1,""Enabled"":1,""LoggerName"":""EventLog-System"",""MatchAllKeyword"":0,""MatchAnyKeyword"":4611686018427387904,""Status"":0}"
"""2025-07-18T10:56:35.5353299Z""","""{2f07e2ee-15db-40f1-90ef-9d7ba282188a}""","""HKEY_LOCAL_MACHINE\\SYSTEM\\CurrentControlSet\\Control\\WMI\\Autologger\\EventLog-System\\{2f07e2ee-15db-40f1-90ef-9d7ba282188a}""","""Microsoft-Windows-TCPIP""",1,"{""EnableLevel"":0,""EnableProperty"":1,""Enabled"":1,""LoggerName"":""EventLog-System"",""MatchAllKeyword"":0,""MatchAnyKeyword"":4611686018427387904,""Status"":0}"
"""2025-07-18T10:56:35.5353299Z""","""{7d5387b0-cbe0-11da-a94d-0800200c9a66}""","""HKEY_LOCAL_MACHINE\\SYSTEM\\CurrentControlSet\\Control\\WMI\\Autologger\\EventLog-System\\{7d5387b0-cbe0-11da-a94d-0800200c9a66}""","""Microsoft-Windows-TPM-WMI""",1,"{""EnableLevel"":0,""EnableProperty"":1,""Enabled"":1,""LoggerName"":""EventLog-System"",""MatchAllKeyword"":0,""MatchAnyKeyword"":9223372036854775808,""Status"":0}"
"""2025-07-18T10:56:35.5553597Z""","""{de7b24ea-73c8-4a09-985d-5bdadcfa9017}""","""HKEY_LOCAL_MACHINE\\SYSTEM\\CurrentControlSet\\Control\\WMI\\Autologger\\EventLog-System\\{de7b24ea-73c8-4a09-985d-5bdadcfa9017}""","""Microsoft-Windows-TaskScheduler""",1,"{""EnableLevel"":0,""EnableProperty"":1,""Enabled"":1,""LoggerName"":""EventLog-System"",""MatchAllKeyword"":0,""MatchAnyKeyword"":4611686018427387904,""Status"":0}"
"""2025-07-18T10:56:35.5353299Z""","""{5d896912-022d-40aa-a3a8-4fa5515c76d7}""","""HKEY_LOCAL_MACHINE\\SYSTEM\\CurrentControlSet\\Control\\WMI\\Autologger\\EventLog-System\\{5d896912-022d-40aa-a3a8-4fa5515c76d7}""","""Microsoft-Windows-TerminalServices-LocalSessionManager""",1,"{""EnableLevel"":0,""EnableProperty"":1,""Enabled"":1,""LoggerName"":""EventLog-System"",""MatchAllKeyword"":0,""MatchAnyKeyword"":9223372036854775808,""Status"":0}"
"""2025-07-18T10:56:35.5553597Z""","""{c76baa63-ae81-421c-b425-340b4b24157f}""","""HKEY_LOCAL_MACHINE\\SYSTEM\\CurrentControlSet\\Control\\WMI\\Autologger\\EventLog-System\\{c76baa63-ae81-421c-b425-340b4b24157f}""","""Microsoft-Windows-TerminalServices-RemoteConnectionManager""",1,"{""EnableLevel"":0,""EnableProperty"":1,""Enabled"":1,""LoggerName"":""EventLog-System"",""MatchAllKeyword"":0,""MatchAnyKeyword"":9223372036854775808,""Status"":0}"
"""2025-07-18T10:56:35.5353299Z""","""{06edcfeb-0fd0-4e53-acca-a6f8bbf81bcb}""","""HKEY_LOCAL_MACHINE\\SYSTEM\\CurrentControlSet\\Control\\WMI\\Autologger\\EventLog-System\\{06edcfeb-0fd0-4e53-acca-a6f8bbf81bcb}""","""Microsoft-Windows-Time-Service""",1,"{""EnableLevel"":0,""EnableProperty"":1,""Enabled"":1,""LoggerName"":""EventLog-System"",""MatchAllKeyword"":0,""MatchAnyKeyword"":9223372036854775808,""Status"":0}"
"""2025-07-18T10:56:35.5553597Z""","""{c02afc2b-e24e-4449-ad76-bcc2c2575ead}""","""HKEY_LOCAL_MACHINE\\SYSTEM\\CurrentControlSet\\Control\\WMI\\Autologger\\EventLog-System\\{c02afc2b-e24e-4449-ad76-bcc2c2575ead}""","""Microsoft-Windows-UAC-FileVirtualization""",1,"{""EnableLevel"":0,""EnableProperty"":1,""Enabled"":1,""LoggerName"":""EventLog-System"",""MatchAllKeyword"":0,""MatchAnyKeyword"":9223372036854775808,""Status"":0}"
"""2025-07-18T10:56:35.5553597Z""","""{f708c483-4880-11e6-9121-5cf37068b67b}""","""HKEY_LOCAL_MACHINE\\SYSTEM\\CurrentControlSet\\Control\\WMI\\Autologger\\EventLog-System\\{f708c483-4880-11e6-9121-5cf37068b67b}""","""Microsoft-Windows-USB-CCID""",1,"{""EnableLevel"":0,""EnableProperty"":1,""Enabled"":1,""LoggerName"":""EventLog-System"",""MatchAllKeyword"":0,""MatchAnyKeyword"":9223372036854775808,""Status"":0}"
"""2025-07-18T10:56:35.5353299Z""","""{7725b5f9-1f2e-4e21-baeb-b2af4690bc87}""","""HKEY_LOCAL_MACHINE\\SYSTEM\\CurrentControlSet\\Control\\WMI\\Autologger\\EventLog-System\\{7725b5f9-1f2e-4e21-baeb-b2af4690bc87}""","""Microsoft-Windows-USB-MAUSBHOST""",1,"{""EnableLevel"":0,""EnableProperty"":1,""Enabled"":1,""LoggerName"":""EventLog-System"",""MatchAllKeyword"":0,""MatchAnyKeyword"":9223372036854775808,""Status"":0}"
"""2025-07-18T10:56:35.5353299Z""","""{ac52ad17-cc01-4f85-8df5-4dce4333c99b}""","""HKEY_LOCAL_MACHINE\\SYSTEM\\CurrentControlSet\\Control\\WMI\\Autologger\\EventLog-System\\{ac52ad17-cc01-4f85-8df5-4dce4333c99b}""","""Microsoft-Windows-USB-USBHUB3""",1,"{""EnableLevel"":0,""EnableProperty"":1,""Enabled"":1,""LoggerName"":""EventLog-System"",""MatchAllKeyword"":0,""MatchAnyKeyword"":9223372036854775808,""Status"":0}"
"""2025-07-18T10:56:35.5353299Z""","""{30e1d284-5d88-459c-83fd-6345b39b19ec}""","""HKEY_LOCAL_MACHINE\\SYSTEM\\CurrentControlSet\\Control\\WMI\\Autologger\\EventLog-System\\{30e1d284-5d88-459c-83fd-6345b39b19ec}""","""Microsoft-Windows-USB-USBXHCI""",1,"{""EnableLevel"":0,""EnableProperty"":1,""Enabled"":1,""LoggerName"":""EventLog-System"",""MatchAllKeyword"":0,""MatchAnyKeyword"":9223372036854775808,""Status"":0}"
"""2025-07-18T10:56:35.5553597Z""","""{ce8dee0b-d539-4000-b0f8-77bed049c590}""","""HKEY_LOCAL_MACHINE\\SYSTEM\\CurrentControlSet\\Control\\WMI\\Autologger\\EventLog-System\\{ce8dee0b-d539-4000-b0f8-77bed049c590}""","""Microsoft-Windows-UserModePowerService""",1,"{""EnableLevel"":0,""EnableProperty"":1,""Enabled"":1,""LoggerName"":""EventLog-System"",""MatchAllKeyword"":0,""MatchAnyKeyword"":4611686018427387904,""Status"":0}"
"""2025-07-18T10:56:35.5353299Z""","""{96f4a050-7e31-453c-88be-9634f4e02139}""","""HKEY_LOCAL_MACHINE\\SYSTEM\\CurrentControlSet\\Control\\WMI\\Autologger\\EventLog-System\\{96f4a050-7e31-453c-88be-9634f4e02139}""","""Microsoft-Windows-UserPnp""",1,"{""EnableLevel"":0,""EnableProperty"":1,""Enabled"":1,""LoggerName"":""EventLog-System"",""MatchAllKeyword"":0,""MatchAnyKeyword"":9223372036854775808,""Status"":0}"
"""2025-07-18T10:56:35.5553597Z""","""{e4480490-85b6-11dd-ad8b-0800200c9a66}""","""HKEY_LOCAL_MACHINE\\SYSTEM\\CurrentControlSet\\Control\\WMI\\Autologger\\EventLog-System\\{e4480490-85b6-11dd-ad8b-0800200c9a66}""","""Microsoft-Windows-VDRVROOT""",1,"{""EnableLevel"":0,""EnableProperty"":1,""Enabled"":1,""LoggerName"":""EventLog-System"",""MatchAllKeyword"":0,""MatchAnyKeyword"":9223372036854775808,""Status"":0}"
"""2025-07-18T10:56:35.5553597Z""","""{e2816346-87f4-4f85-95c3-0c79409aa89d}""","""HKEY_LOCAL_MACHINE\\SYSTEM\\CurrentControlSet\\Control\\WMI\\Autologger\\EventLog-System\\{e2816346-87f4-4f85-95c3-0c79409aa89d}""","""Microsoft-Windows-VHDMP""",1,"{""EnableLevel"":0,""EnableProperty"":1,""Enabled"":1,""LoggerName"":""EventLog-System"",""MatchAllKeyword"":0,""MatchAnyKeyword"":9223372036854775808,""Status"":0}"
"""2025-07-18T10:56:35.5353299Z""","""{9f7b5df4-b902-48bc-bc94-95068c6c7d26}""","""HKEY_LOCAL_MACHINE\\SYSTEM\\CurrentControlSet\\Control\\WMI\\Autologger\\EventLog-System\\{9f7b5df4-b902-48bc-bc94-95068c6c7d26}""","""Microsoft-Windows-Volume""",1,"{""EnableLevel"":0,""EnableProperty"":1,""Enabled"":1,""LoggerName"":""EventLog-System"",""MatchAllKeyword"":0,""MatchAnyKeyword"":9223372036854775808,""Status"":0}"
"""2025-07-18T10:56:35.5353299Z""","""{67fe2216-727a-40cb-94b2-c02211edb34a}""","""HKEY_LOCAL_MACHINE\\SYSTEM\\CurrentControlSet\\Control\\WMI\\Autologger\\EventLog-System\\{67fe2216-727a-40cb-94b2-c02211edb34a}""","""Microsoft-Windows-VolumeSnapshot-Driver""",1,"{""EnableLevel"":0,""EnableProperty"":1,""Enabled"":1,""LoggerName"":""EventLog-System"",""MatchAllKeyword"":0,""MatchAnyKeyword"":4611686018427387904,""Status"":0}"
"""2025-07-18T10:56:35.5353299Z""","""{0c478c5b-0351-41b1-8c58-4a6737da32e3}""","""HKEY_LOCAL_MACHINE\\SYSTEM\\CurrentControlSet\\Control\\WMI\\Autologger\\EventLog-System\\{0c478c5b-0351-41b1-8c58-4a6737da32e3}""","""Microsoft-Windows-WFP""",1,"{""EnableLevel"":0,""EnableProperty"":1,""Enabled"":1,""LoggerName"":""EventLog-System"",""MatchAllKeyword"":0,""MatchAnyKeyword"":14411518807585587200,""Status"":0}"
"""2025-07-18T10:56:35.5553597Z""","""{c26c4f3c-3f66-4e99-8f8a-39405cfed220}""","""HKEY_LOCAL_MACHINE\\SYSTEM\\CurrentControlSet\\Control\\WMI\\Autologger\\EventLog-System\\{c26c4f3c-3f66-4e99-8f8a-39405cfed220}""","""Microsoft-Windows-WHEA-Logger""",1,"{""EnableLevel"":0,""EnableProperty"":1,""Enabled"":1,""LoggerName"":""EventLog-System"",""MatchAllKeyword"":0,""MatchAnyKeyword"":9223372036854775808,""Status"":0}"
"""2025-07-18T10:56:35.5353299Z""","""{9580d7dd-0379-4658-9870-d5be7d52d6de}""","""HKEY_LOCAL_MACHINE\\SYSTEM\\CurrentControlSet\\Control\\WMI\\Autologger\\EventLog-System\\{9580d7dd-0379-4658-9870-d5be7d52d6de}""","""Microsoft-Windows-WLAN-AutoConfig""",1,"{""EnableLevel"":0,""EnableProperty"":1,""Enabled"":1,""LoggerName"":""EventLog-System"",""MatchAllKeyword"":0,""MatchAnyKeyword"":4611686018427387904,""Status"":0}"
"""2025-07-18T10:56:35.5353299Z""","""{6a2dc7c1-930a-4fb5-bb44-80b30aebed6c}""","""HKEY_LOCAL_MACHINE\\SYSTEM\\CurrentControlSet\\Control\\WMI\\Autologger\\EventLog-System\\{6a2dc7c1-930a-4fb5-bb44-80b30aebed6c}""","""Microsoft-Windows-WMPNSS-Service""",1,"{""EnableLevel"":0,""EnableProperty"":1,""Enabled"":1,""LoggerName"":""EventLog-System"",""MatchAllKeyword"":0,""MatchAnyKeyword"":4611686018427387904,""Status"":0}"
"""2025-07-18T10:56:35.5353299Z""","""{355c44fe-0c8e-4bf8-be28-8bc7b5a42720}""","""HKEY_LOCAL_MACHINE\\SYSTEM\\CurrentControlSet\\Control\\WMI\\Autologger\\EventLog-System\\{355c44fe-0c8e-4bf8-be28-8bc7b5a42720}""","""Microsoft-Windows-WPD-CompositeClassDriver""",1,"{""EnableLevel"":0,""EnableProperty"":1,""Enabled"":1,""LoggerName"":""EventLog-System"",""MatchAllKeyword"":0,""MatchAnyKeyword"":9223372036854775808,""Status"":0}"
"""2025-07-18T10:56:35.5353299Z""","""{21b7c16e-c5af-4a69-a74a-7245481c1b97}""","""HKEY_LOCAL_MACHINE\\SYSTEM\\CurrentControlSet\\Control\\WMI\\Autologger\\EventLog-System\\{21b7c16e-c5af-4a69-a74a-7245481c1b97}""","""Microsoft-Windows-WPD-MTPClassDriver""",1,"{""EnableLevel"":0,""EnableProperty"":1,""Enabled"":1,""LoggerName"":""EventLog-System"",""MatchAllKeyword"":0,""MatchAnyKeyword"":9223372036854775808,""Status"":0}"
"""2025-07-18T10:56:35.5553597Z""","""{ad5162d8-daf0-4a25-88a7-01cbeb33902e}""","""HKEY_LOCAL_MACHINE\\SYSTEM\\CurrentControlSet\\Control\\WMI\\Autologger\\EventLog-System\\{ad5162d8-daf0-4a25-88a7-01cbeb33902e}""","""Microsoft-Windows-WPDClassInstaller""",1,"{""EnableLevel"":0,""EnableProperty"":1,""Enabled"":1,""LoggerName"":""EventLog-System"",""MatchAllKeyword"":0,""MatchAnyKeyword"":9223372036854775808,""Status"":0}"
"""2025-07-18T10:56:35.5353299Z""","""{8c416c79-d49b-4f01-a467-e56d3aa8234c}""","""HKEY_LOCAL_MACHINE\\SYSTEM\\CurrentControlSet\\Control\\WMI\\Autologger\\EventLog-System\\{8c416c79-d49b-4f01-a467-e56d3aa8234c}""","""Microsoft-Windows-Win32k""",1,"{""EnableLevel"":0,""EnableProperty"":1,""Enabled"":1,""LoggerName"":""EventLog-System"",""MatchAllKeyword"":0,""MatchAnyKeyword"":72057594037927936,""Status"":0}"
"""2025-07-24T08:27:16.778716Z""","""{1f7a6c55-5532-573b-35b7-2107e43a6ef5}""","""HKEY_LOCAL_MACHINE\\SYSTEM\\CurrentControlSet\\Control\\WMI\\Autologger\\EventLog-System\\{1f7a6c55-5532-573b-35b7-2107e43a6ef5}""","""Microsoft-Windows-WinREAgent""",1,"{""EnableLevel"":0,""EnableProperty"":1,""Enabled"":1,""LoggerName"":""EventLog-System"",""MatchAllKeyword"":0,""MatchAnyKeyword"":9223372036854775808,""Status"":0}"
"""2025-07-24T21:05:40.697536Z""","""{11cd958a-c507-4ef3-b3f2-5fd9dfbd2c78}""","""HKEY_LOCAL_MACHINE\\SYSTEM\\CurrentControlSet\\Control\\WMI\\Autologger\\EventLog-System\\{11cd958a-c507-4ef3-b3f2-5fd9dfbd2c78}""","""Microsoft-Windows-Windows Defender""",1,"{""EnableLevel"":0,""EnableProperty"":1,""Enabled"":1,""LoggerName"":""EventLog-System"",""MatchAllKeyword"":0,""MatchAnyKeyword"":13835058055282163712}"
"""2025-07-18T10:56:35.5553597Z""","""{d1bc9aff-2abf-4d71-9146-ecb2a986eb85}""","""HKEY_LOCAL_MACHINE\\SYSTEM\\CurrentControlSet\\Control\\WMI\\Autologger\\EventLog-System\\{d1bc9aff-2abf-4d71-9146-ecb2a986eb85}""","""Microsoft-Windows-Windows Firewall With Advanced Security""",1,"{""EnableLevel"":0,""EnableProperty"":1,""Enabled"":1,""LoggerName"":""EventLog-System"",""MatchAllKeyword"":0,""MatchAnyKeyword"":4755801206503243776,""Status"":0}"
"""2025-07-18T10:56:35.5353299Z""","""{01979c6a-42fa-414c-b8aa-eee2c8202018}""","""HKEY_LOCAL_MACHINE\\SYSTEM\\CurrentControlSet\\Control\\WMI\\Autologger\\EventLog-System\\{01979c6a-42fa-414c-b8aa-eee2c8202018}""","""Microsoft-Windows-WindowsBackup""",1,"{""EnableLevel"":0,""EnableProperty"":1,""Enabled"":1,""LoggerName"":""EventLog-System"",""MatchAllKeyword"":0,""MatchAnyKeyword"":9223372036854775808,""Status"":0}"
"""2025-07-18T10:56:35.5353299Z""","""{2e6cb42e-161d-413b-a6c1-84ca4c1e5890}""","""HKEY_LOCAL_MACHINE\\SYSTEM\\CurrentControlSet\\Control\\WMI\\Autologger\\EventLog-System\\{2e6cb42e-161d-413b-a6c1-84ca4c1e5890}""","""Microsoft-Windows-WindowsToGo-StartupOptions""",1,"{""EnableLevel"":0,""EnableProperty"":1,""Enabled"":1,""LoggerName"":""EventLog-System"",""MatchAllKeyword"":0,""MatchAnyKeyword"":9223372036854775808,""Status"":0}"
"""2025-07-18T10:56:35.5353299Z""","""{945a8954-c147-4acd-923f-40c45405a658}""","""HKEY_LOCAL_MACHINE\\SYSTEM\\CurrentControlSet\\Control\\WMI\\Autologger\\EventLog-System\\{945a8954-c147-4acd-923f-40c45405a658}""","""Microsoft-Windows-WindowsUpdateClient""",1,"{""EnableLevel"":0,""EnableProperty"":1,""Enabled"":1,""LoggerName"":""EventLog-System"",""MatchAllKeyword"":0,""MatchAnyKeyword"":13835058055282163712,""Status"":0}"
"""2025-07-18T10:56:35.5353299Z""","""{206f6dea-d3c5-4d10-bc72-989f03c8b84b}""","""HKEY_LOCAL_MACHINE\\SYSTEM\\CurrentControlSet\\Control\\WMI\\Autologger\\EventLog-System\\{206f6dea-d3c5-4d10-bc72-989f03c8b84b}""","""Microsoft-Windows-Wininit""",1,"{""EnableLevel"":0,""EnableProperty"":1,""Enabled"":1,""LoggerName"":""EventLog-System"",""MatchAllKeyword"":0,""MatchAnyKeyword"":4611686018427387904,""Status"":0}"
"""2025-07-18T10:56:35.5553597Z""","""{dbe9b383-7cf3-4331-91cc-a3cb16a3b538}""","""HKEY_LOCAL_MACHINE\\SYSTEM\\CurrentControlSet\\Control\\WMI\\Autologger\\EventLog-System\\{dbe9b383-7cf3-4331-91cc-a3cb16a3b538}""","""Microsoft-Windows-Winlogon""",1,"{""EnableLevel"":0,""EnableProperty"":1,""Enabled"":1,""LoggerName"":""EventLog-System"",""MatchAllKeyword"":0,""MatchAnyKeyword"":2305843009213693952,""Status"":0}"
"""2025-07-18T10:56:35.5553597Z""","""{d5c25f9a-4d47-493e-9184-40dd397a004d}""","""HKEY_LOCAL_MACHINE\\SYSTEM\\CurrentControlSet\\Control\\WMI\\Autologger\\EventLog-System\\{d5c25f9a-4d47-493e-9184-40dd397a004d}""","""Microsoft-Windows-Winsock-WS2HELP""",1,"{""EnableLevel"":0,""EnableProperty"":1,""Enabled"":1,""LoggerName"":""EventLog-System"",""MatchAllKeyword"":0,""MatchAnyKeyword"":9223372036854775808,""Status"":0}"
"""2025-07-18T10:56:35.5353299Z""","""{494e7a3d-8db9-4ec4-b43e-2844af6e38d6}""","""HKEY_LOCAL_MACHINE\\SYSTEM\\CurrentControlSet\\Control\\WMI\\Autologger\\EventLog-System\\{494e7a3d-8db9-4ec4-b43e-2844af6e38d6}""","""Microsoft-Windows-exFAT-SQM""",1,"{""EnableLevel"":0,""EnableProperty"":1,""Enabled"":1,""LoggerName"":""EventLog-System"",""MatchAllKeyword"":0,""MatchAnyKeyword"":9223372036854775808,""Status"":0}"
"""2025-07-24T08:27:16.778716Z""","""{9741fd4e-3757-479f-a3c6-fc49f6d5edd0}""","""HKEY_LOCAL_MACHINE\\SYSTEM\\CurrentControlSet\\Control\\WMI\\Autologger\\EventLog-System\\{9741fd4e-3757-479f-a3c6-fc49f6d5edd0}""","""NetJoin""",1,"{""EnableLevel"":0,""EnableProperty"":1,""Enabled"":1,""LoggerName"":""EventLog-System"",""MatchAllKeyword"":0,""MatchAnyKeyword"":9223372036854775808,""Status"":0}"
"""2025-07-18T10:56:35.5553597Z""","""{dd70bc80-ef44-421b-8ac3-cd31da613a4e}""","""HKEY_LOCAL_MACHINE\\SYSTEM\\CurrentControlSet\\Control\\WMI\\Autologger\\EventLog-System\\{dd70bc80-ef44-421b-8ac3-cd31da613a4e}""","""Ntfs""",1,"{""EnableLevel"":0,""EnableProperty"":1,""Enabled"":1,""LoggerName"":""EventLog-System"",""MatchAllKeyword"":0,""MatchAnyKeyword"":9223372036854775808,""Status"":0}"
"""2025-07-18T10:56:35.5353299Z""","""{1f678132-5938-4686-9fdc-c8ff68f15c85}""","""HKEY_LOCAL_MACHINE\\SYSTEM\\CurrentControlSet\\Control\\WMI\\Autologger\\EventLog-System\\{1f678132-5938-4686-9fdc-c8ff68f15c85}""","""Schannel""",1,"{""EnableLevel"":0,""EnableProperty"":1,""Enabled"":1,""LoggerName"":""EventLog-System"",""MatchAllKeyword"":0,""MatchAnyKeyword"":9223372036854775808,""Status"":0}"
"""2025-07-18T10:56:35.5353299Z""","""{555908d1-a6d7-4695-8e1e-26931d2012f4}""","""HKEY_LOCAL_MACHINE\\SYSTEM\\CurrentControlSet\\Control\\WMI\\Autologger\\EventLog-System\\{555908d1-a6d7-4695-8e1e-26931d2012f4}""","""Service Control Manager""",1,"{""EnableLevel"":0,""EnableProperty"":1,""Enabled"":1,""LoggerName"":""EventLog-System"",""MatchAllKeyword"":0,""MatchAnyKeyword"":9223372036854775808,""Status"":0}"
"""2025-07-18T10:56:35.5353299Z""","""{1b6b0772-251b-4d42-917d-faca166bc059}""","""HKEY_LOCAL_MACHINE\\SYSTEM\\CurrentControlSet\\Control\\WMI\\Autologger\\EventLog-System\\{1b6b0772-251b-4d42-917d-faca166bc059}""","""TPM""",1,"{""EnableLevel"":0,""EnableProperty"":1,""Enabled"":1,""LoggerName"":""EventLog-System"",""MatchAllKeyword"":0,""MatchAnyKeyword"":9223372036854775808,""Status"":0}"
"""2025-07-18T10:56:35.5553597Z""","""{b0aa8734-56f7-41cc-b2f4-de228e98b946}""","""HKEY_LOCAL_MACHINE\\SYSTEM\\CurrentControlSet\\Control\\WMI\\Autologger\\EventLog-System\\{b0aa8734-56f7-41cc-b2f4-de228e98b946}""","""User32""",1,"{""EnableLevel"":0,""EnableProperty"":1,""Enabled"":1,""LoggerName"":""EventLog-System"",""MatchAllKeyword"":0,""MatchAnyKeyword"":9223372036854775808,""Status"":0}"
"""2025-07-18T10:56:35.5553597Z""","""{cb017cd2-1f37-4e65-82bc-3e91f6a37559}""","""HKEY_LOCAL_MACHINE\\SYSTEM\\CurrentControlSet\\Control\\WMI\\Autologger\\EventLog-System\\{cb017cd2-1f37-4e65-82bc-3e91f6a37559}""","""Volsnap""",1,"{""EnableLevel"":0,""EnableProperty"":1,""Enabled"":1,""LoggerName"":""EventLog-System"",""MatchAllKeyword"":0,""MatchAnyKeyword"":9223372036854775808,""Status"":0}"
