Machine Name,Policy Target,Subcategory,Subcategory GUID,Inclusion Setting,"Exclusion Setting"
"""DESKTOP-VKU268G""","""System""","""Security System Extension""","""{0CCE9211-69AE-11D9-BED3-505054503030}""","""No Auditing""",""""""
"""DESKTOP-VKU268G""","""System""","""System Integrity""","""{0CCE9212-69AE-11D9-BED3-505054503030}""","""Success and Failure""",""""""
"""DESKTOP-VKU268G""","""System""","""IPsec Driver""","""{0CCE9213-69AE-11D9-BED3-505054503030}""","""No Auditing""",""""""
"""DESKTOP-VKU268G""","""System""","""Other System Events""","""{0CCE9214-69AE-11D9-BED3-505054503030}""","""Success and Failure""",""""""
"""DESKTOP-VKU268G""","""System""","""Security State Change""","""{0CCE9210-69AE-11D9-BED3-505054503030}""","""Success""",""""""
"""DESKTOP-VKU268G""","""System""","""Logon""","""{0CCE9215-69AE-11D9-BED3-505054503030}""","""Success and Failure""",""""""
"""DESKTOP-VKU268G""","""System""","""Logoff""","""{0CCE9216-69AE-11D9-BED3-505054503030}""","""Success""",""""""
"""DESKTOP-VKU268G""","""System""","""Account Lockout""","""{0CCE9217-69AE-11D9-BED3-505054503030}""","""Success""",""""""
"""DESKTOP-VKU268G""","""System""","""IPsec Main Mode""","""{0CCE9218-69AE-11D9-BED3-505054503030}""","""No Auditing""",""""""
"""DESKTOP-VKU268G""","""System""","""IPsec Quick Mode""","""{0CCE9219-69AE-11D9-BED3-505054503030}""","""No Auditing""",""""""
"""DESKTOP-VKU268G""","""System""","""IPsec Extended Mode""","""{0CCE921A-69AE-11D9-BED3-505054503030}""","""No Auditing""",""""""
"""DESKTOP-VKU268G""","""System""","""Special Logon""","""{0CCE921B-69AE-11D9-BED3-505054503030}""","""Success""",""""""
"""DESKTOP-VKU268G""","""System""","""Other Logon/Logoff Events""","""{0CCE921C-69AE-11D9-BED3-505054503030}""","""No Auditing""",""""""
"""DESKTOP-VKU268G""","""System""","""Network Policy Server""","""{0CCE9243-69AE-11D9-BED3-505054503030}""","""Success and Failure""",""""""
"""DESKTOP-VKU268G""","""System""","""User / Device Claims""","""{0CCE9247-69AE-11D9-BED3-505054503030}""","""No Auditing""",""""""
"""DESKTOP-VKU268G""","""System""","""Group Membership""","""{0CCE9249-69AE-11D9-BED3-505054503030}""","""No Auditing""",""""""
"""DESKTOP-VKU268G""","""System""","""File System""","""{0CCE921D-69AE-11D9-BED3-505054503030}""","""No Auditing""",""""""
"""DESKTOP-VKU268G""","""System""","""Registry""","""{0CCE921E-69AE-11D9-BED3-505054503030}""","""No Auditing""",""""""
"""DESKTOP-VKU268G""","""System""","""Kernel Object""","""{0CCE921F-69AE-11D9-BED3-505054503030}""","""No Auditing""",""""""
"""DESKTOP-VKU268G""","""System""","""SAM""","""{0CCE9220-69AE-11D9-BED3-505054503030}""","""No Auditing""",""""""
"""DESKTOP-VKU268G""","""System""","""Certification Services""","""{0CCE9221-69AE-11D9-BED3-505054503030}""","""No Auditing""",""""""
"""DESKTOP-VKU268G""","""System""","""Application Generated""","""{0CCE9222-69AE-11D9-BED3-505054503030}""","""No Auditing""",""""""
"""DESKTOP-VKU268G""","""System""","""Handle Manipulation""","""{0CCE9223-69AE-11D9-BED3-505054503030}""","""No Auditing""",""""""
"""DESKTOP-VKU268G""","""System""","""File Share""","""{0CCE9224-69AE-11D9-BED3-505054503030}""","""No Auditing""",""""""
"""DESKTOP-VKU268G""","""System""","""Filtering Platform Packet Drop""","""{0CCE9225-69AE-11D9-BED3-505054503030}""","""No Auditing""",""""""
"""DESKTOP-VKU268G""","""System""","""Filtering Platform Connection""","""{0CCE9226-69AE-11D9-BED3-505054503030}""","""No Auditing""",""""""
"""DESKTOP-VKU268G""","""System""","""Other Object Access Events""","""{0CCE9227-69AE-11D9-BED3-505054503030}""","""No Auditing""",""""""
"""DESKTOP-VKU268G""","""System""","""Detailed File Share""","""{0CCE9244-69AE-11D9-BED3-505054503030}""","""No Auditing""",""""""
"""DESKTOP-VKU268G""","""System""","""Removable Storage""","""{0CCE9245-69AE-11D9-BED3-505054503030}""","""No Auditing""",""""""
"""DESKTOP-VKU268G""","""System""","""Central Policy Staging""","""{0CCE9246-69AE-11D9-BED3-505054503030}""","""No Auditing""",""""""
"""DESKTOP-VKU268G""","""System""","""Non Sensitive Privilege Use""","""{0CCE9229-69AE-11D9-BED3-505054503030}""","""No Auditing""",""""""
"""DESKTOP-VKU268G""","""System""","""Other Privilege Use Events""","""{0CCE922A-69AE-11D9-BED3-505054503030}""","""No Auditing""",""""""
"""DESKTOP-VKU268G""","""System""","""Sensitive Privilege Use""","""{0CCE9228-69AE-11D9-BED3-505054503030}""","""No Auditing""",""""""
"""DESKTOP-VKU268G""","""System""","""Process Creation""","""{0CCE922B-69AE-11D9-BED3-505054503030}""","""No Auditing""",""""""
"""DESKTOP-VKU268G""","""System""","""Process Termination""","""{0CCE922C-69AE-11D9-BED3-505054503030}""","""No Auditing""",""""""
"""DESKTOP-VKU268G""","""System""","""DPAPI Activity""","""{0CCE922D-69AE-11D9-BED3-505054503030}""","""No Auditing""",""""""
"""DESKTOP-VKU268G""","""System""","""RPC Events""","""{0CCE922E-69AE-11D9-BED3-505054503030}""","""No Auditing""",""""""
"""DESKTOP-VKU268G""","""System""","""Plug and Play Events""","""{0CCE9248-69AE-11D9-BED3-505054503030}""","""No Auditing""",""""""
"""DESKTOP-VKU268G""","""System""","""Token Right Adjusted Events""","""{0CCE924A-69AE-11D9-BED3-505054503030}""","""No Auditing""",""""""
"""DESKTOP-VKU268G""","""System""","""Audit Policy Change""","""{0CCE922F-69AE-11D9-BED3-505054503030}""","""Success""",""""""
"""DESKTOP-VKU268G""","""System""","""Authentication Policy Change""","""{0CCE9230-69AE-11D9-BED3-505054503030}""","""Success""",""""""
"""DESKTOP-VKU268G""","""System""","""Authorization Policy Change""","""{0CCE9231-69AE-11D9-BED3-505054503030}""","""No Auditing""",""""""
"""DESKTOP-VKU268G""","""System""","""MPSSVC Rule-Level Policy Change""","""{0CCE9232-69AE-11D9-BED3-505054503030}""","""No Auditing""",""""""
"""DESKTOP-VKU268G""","""System""","""Filtering Platform Policy Change""","""{0CCE9233-69AE-11D9-BED3-505054503030}""","""No Auditing""",""""""
"""DESKTOP-VKU268G""","""System""","""Other Policy Change Events""","""{0CCE9234-69AE-11D9-BED3-505054503030}""","""No Auditing""",""""""
"""DESKTOP-VKU268G""","""System""","""Computer Account Management""","""{0CCE9236-69AE-11D9-BED3-505054503030}""","""No Auditing""",""""""
"""DESKTOP-VKU268G""","""System""","""Security Group Management""","""{0CCE9237-69AE-11D9-BED3-505054503030}""","""Success""",""""""
"""DESKTOP-VKU268G""","""System""","""Distribution Group Management""","""{0CCE9238-69AE-11D9-BED3-505054503030}""","""No Auditing""",""""""
"""DESKTOP-VKU268G""","""System""","""Application Group Management""","""{0CCE9239-69AE-11D9-BED3-505054503030}""","""No Auditing""",""""""
"""DESKTOP-VKU268G""","""System""","""Other Account Management Events""","""{0CCE923A-69AE-11D9-BED3-505054503030}""","""No Auditing""",""""""
"""DESKTOP-VKU268G""","""System""","""User Account Management""","""{0CCE9235-69AE-11D9-BED3-505054503030}""","""Success""",""""""
"""DESKTOP-VKU268G""","""System""","""Directory Service Access""","""{0CCE923B-69AE-11D9-BED3-505054503030}""","""No Auditing""",""""""
"""DESKTOP-VKU268G""","""System""","""Directory Service Changes""","""{0CCE923C-69AE-11D9-BED3-505054503030}""","""No Auditing""",""""""
"""DESKTOP-VKU268G""","""System""","""Directory Service Replication""","""{0CCE923D-69AE-11D9-BED3-505054503030}""","""No Auditing""",""""""
"""DESKTOP-VKU268G""","""System""","""Detailed Directory Service Replication""","""{0CCE923E-69AE-11D9-BED3-505054503030}""","""No Auditing""",""""""
"""DESKTOP-VKU268G""","""System""","""Kerberos Service Ticket Operations""","""{0CCE9240-69AE-11D9-BED3-505054503030}""","""No Auditing""",""""""
"""DESKTOP-VKU268G""","""System""","""Other Account Logon Events""","""{0CCE9241-69AE-11D9-BED3-505054503030}""","""No Auditing""",""""""
"""DESKTOP-VKU268G""","""System""","""Kerberos Authentication Service""","""{0CCE9242-69AE-11D9-BED3-505054503030}""","""No Auditing""",""""""
"""DESKTOP-VKU268G""","""System""","""Credential Validation""","""{0CCE923F-69AE-11D9-BED3-505054503030}""","""No Auditing""",""""""
