IpAddress,Port,ProcessName,SubjectUserSid,SubjectUserName,TargetUserName,TargetServerName,LogonTime
"""-""","""-""","""C:\\Windows\\System32\\winlogon.exe""","""S-1-5-18""","""MINWINPC$""","""UMFD-1""","""localhost""",1752836205.7509167
"""-""","""-""","""C:\\Windows\\System32\\wininit.exe""","""S-1-5-18""","""MINWINPC$""","""UMFD-0""","""localhost""",1752836205.7597775
"""-""","""-""","""C:\\Windows\\System32\\winlogon.exe""","""S-1-5-18""","""MINWINPC$""","""DWM-1""","""localhost""",1752836209.8216224
"""-""","""-""","""C:\\Windows\\System32\\winlogon.exe""","""S-1-5-18""","""WIN-VPENMTHSAE2$""","""UMFD-1""","""localhost""",1752836480.7636623
"""-""","""-""","""C:\\Windows\\System32\\wininit.exe""","""S-1-5-18""","""WIN-VPENMTHSAE2$""","""UMFD-0""","""localhost""",1752836480.7639585
"""-""","""-""","""C:\\Windows\\System32\\winlogon.exe""","""S-1-5-18""","""WIN-VPENMTHSAE2$""","""DWM-1""","""localhost""",1752836482.4207184
"""-""","""-""","""C:\\Windows\\System32\\oobe\\msoobe.exe""","""S-1-5-18""","""WIN-VPENMTHSAE2$""","""defaultuser0""","""localhost""",1752836495.8072608
"""127.0.0.1""","""0""","""C:\\Windows\\System32\\svchost.exe""","""S-1-5-18""","""WIN-VPENMTHSAE2$""","""defaultuser0""","""localhost""",1752804142.4758704
"""-""","""-""","""C:\\Windows\\System32\\CloudExperienceHostBroker.exe""","""S-1-5-21-4230326970-601550557-733139758-1000""","""defaultuser0""","""TMAN""","""localhost""",1752805265.2391584
"""-""","""-""","""C:\\Windows\\System32\\winlogon.exe""","""S-1-5-18""","""WIN-VPENMTHSAE2$""","""UMFD-2""","""localhost""",1752805350.2892976
"""-""","""-""","""C:\\Windows\\System32\\winlogon.exe""","""S-1-5-18""","""WIN-VPENMTHSAE2$""","""DWM-2""","""localhost""",1752805350.3384447
"""127.0.0.1""","""0""","""C:\\Windows\\System32\\svchost.exe""","""S-1-5-18""","""WIN-VPENMTHSAE2$""","""TMAN""","""localhost""",1752805350.9612288
"""-""","""-""","""C:\\Windows\\System32\\winlogon.exe""","""S-1-5-18""","""DESKTOP-VKU268G$""","""UMFD-1""","""localhost""",1752907716.9844592
"""-""","""-""","""C:\\Windows\\System32\\wininit.exe""","""S-1-5-18""","""DESKTOP-VKU268G$""","""UMFD-0""","""localhost""",1752907716.9856112
"""-""","""-""","""C:\\Windows\\System32\\winlogon.exe""","""S-1-5-18""","""DESKTOP-VKU268G$""","""DWM-1""","""localhost""",1752907717.9169953
"""127.0.0.1""","""0""","""C:\\Windows\\System32\\svchost.exe""","""S-1-5-18""","""DESKTOP-VKU268G$""","""TMAN""","""localhost""",1752907757.4490736
"""-""","""-""","""C:\\Windows\\System32\\winlogon.exe""","""S-1-5-18""","""DESKTOP-VKU268G$""","""UMFD-1""","""localhost""",1752909044.9559488
"""-""","""-""","""C:\\Windows\\System32\\wininit.exe""","""S-1-5-18""","""DESKTOP-VKU268G$""","""UMFD-0""","""localhost""",1752909045.053491
"""-""","""-""","""C:\\Windows\\System32\\winlogon.exe""","""S-1-5-18""","""DESKTOP-VKU268G$""","""DWM-1""","""localhost""",1752909046.6170416
"""127.0.0.1""","""0""","""C:\\Windows\\System32\\svchost.exe""","""S-1-5-18""","""DESKTOP-VKU268G$""","""TMAN""","""localhost""",1752909119.647997
"""-""","""-""","""C:\\Windows\\System32\\winlogon.exe""","""S-1-5-18""","""DESKTOP-VKU268G$""","""UMFD-1""","""localhost""",1752909853.7273712
"""-""","""-""","""C:\\Windows\\System32\\wininit.exe""","""S-1-5-18""","""DESKTOP-VKU268G$""","""UMFD-0""","""localhost""",1752909853.7347105
"""-""","""-""","""C:\\Windows\\System32\\winlogon.exe""","""S-1-5-18""","""DESKTOP-VKU268G$""","""DWM-1""","""localhost""",1752909854.529136
"""127.0.0.1""","""0""","""C:\\Windows\\System32\\svchost.exe""","""S-1-5-18""","""DESKTOP-VKU268G$""","""TMAN""","""localhost""",1752909871.0217776
"""192.168.0.180""","""445""","""""","""S-1-5-21-4230326970-601550557-733139758-1001""","""TMAN""","""LAPTOPONE""","""WIN-BP32UODHG7O""",1752911690.2823665
"""-""","""-""","""C:\\Windows\\System32\\services.exe""","""S-1-5-18""","""DESKTOP-VKU268G$""","""SplunkForwarder""","""localhost""",1752912320.2871728
"""-""","""-""","""C:\\Windows\\System32\\services.exe""","""S-1-5-18""","""DESKTOP-VKU268G$""","""SplunkForwarder""","""localhost""",1752913003.564872
"""-""","""-""","""C:\\Windows\\System32\\services.exe""","""S-1-5-18""","""DESKTOP-VKU268G$""","""SplunkForwarder""","""localhost""",1752881952.4622607
"""-""","""-""","""C:\\Windows\\System32\\winlogon.exe""","""S-1-5-18""","""DESKTOP-VKU268G$""","""UMFD-1""","""localhost""",1752932497.527403
"""-""","""-""","""C:\\Windows\\System32\\wininit.exe""","""S-1-5-18""","""DESKTOP-VKU268G$""","""UMFD-0""","""localhost""",1752932497.5285327
"""-""","""-""","""C:\\Windows\\System32\\winlogon.exe""","""S-1-5-18""","""DESKTOP-VKU268G$""","""DWM-1""","""localhost""",1752932498.4440656
"""-""","""-""","""C:\\Windows\\System32\\services.exe""","""S-1-5-18""","""DESKTOP-VKU268G$""","""SplunkForwarder""","""localhost""",1752932506.5790448
"""127.0.0.1""","""0""","""C:\\Windows\\System32\\svchost.exe""","""S-1-5-18""","""DESKTOP-VKU268G$""","""TMAN""","""localhost""",1752932555.804536
"""-""","""-""","""C:\\Windows\\System32\\winlogon.exe""","""S-1-5-18""","""DESKTOP-VKU268G$""","""UMFD-1""","""localhost""",1752933971.181184
"""-""","""-""","""C:\\Windows\\System32\\wininit.exe""","""S-1-5-18""","""DESKTOP-VKU268G$""","""UMFD-0""","""localhost""",1752933971.1837647
"""-""","""-""","""C:\\Windows\\System32\\winlogon.exe""","""S-1-5-18""","""DESKTOP-VKU268G$""","""DWM-1""","""localhost""",1752933972.502504
"""-""","""-""","""C:\\Windows\\System32\\services.exe""","""S-1-5-18""","""DESKTOP-VKU268G$""","""SplunkForwarder""","""localhost""",1752933990.5547905
"""127.0.0.1""","""0""","""C:\\Windows\\System32\\svchost.exe""","""S-1-5-18""","""DESKTOP-VKU268G$""","""TMAN""","""localhost""",1752934114.055195
"""-""","""-""","""C:\\Windows\\System32\\winlogon.exe""","""S-1-5-18""","""DESKTOP-VKU268G$""","""UMFD-1""","""localhost""",1752935001.2268193
"""-""","""-""","""C:\\Windows\\System32\\wininit.exe""","""S-1-5-18""","""DESKTOP-VKU268G$""","""UMFD-0""","""localhost""",1752935001.2275376
"""-""","""-""","""C:\\Windows\\System32\\winlogon.exe""","""S-1-5-18""","""DESKTOP-VKU268G$""","""DWM-1""","""localhost""",1752935001.9803023
"""-""","""-""","""C:\\Windows\\System32\\services.exe""","""S-1-5-18""","""DESKTOP-VKU268G$""","""SplunkForwarder""","""localhost""",1752935010.2040625
"""127.0.0.1""","""0""","""C:\\Windows\\System32\\svchost.exe""","""S-1-5-18""","""DESKTOP-VKU268G$""","""TMAN""","""localhost""",1752935024.925043
"""-""","""-""","""C:\\Windows\\System32\\winlogon.exe""","""S-1-5-18""","""DESKTOP-VKU268G$""","""UMFD-1""","""localhost""",1752936178.865224
"""-""","""-""","""C:\\Windows\\System32\\wininit.exe""","""S-1-5-18""","""DESKTOP-VKU268G$""","""UMFD-0""","""localhost""",1752936178.8735456
"""-""","""-""","""C:\\Windows\\System32\\winlogon.exe""","""S-1-5-18""","""DESKTOP-VKU268G$""","""DWM-1""","""localhost""",1752936179.5695937
"""-""","""-""","""C:\\Windows\\System32\\services.exe""","""S-1-5-18""","""DESKTOP-VKU268G$""","""SplunkForwarder""","""localhost""",1752936188.3777664
"""127.0.0.1""","""0""","""C:\\Windows\\System32\\svchost.exe""","""S-1-5-18""","""DESKTOP-VKU268G$""","""TMAN""","""localhost""",1752936689.2300591
"""-""","""-""","""C:\\Windows\\System32\\wininit.exe""","""S-1-5-18""","""DESKTOP-VKU268G$""","""UMFD-0""","""localhost""",1752938677.1886992
"""-""","""-""","""C:\\Windows\\System32\\winlogon.exe""","""S-1-5-18""","""DESKTOP-VKU268G$""","""UMFD-1""","""localhost""",1752938677.2252767
"""-""","""-""","""C:\\Windows\\System32\\winlogon.exe""","""S-1-5-18""","""DESKTOP-VKU268G$""","""DWM-1""","""localhost""",1752938678.10808
"""-""","""-""","""C:\\Windows\\System32\\services.exe""","""S-1-5-18""","""DESKTOP-VKU268G$""","""SplunkForwarder""","""localhost""",1752938689.6875503
"""127.0.0.1""","""0""","""C:\\Windows\\System32\\svchost.exe""","""S-1-5-18""","""DESKTOP-VKU268G$""","""TMAN""","""localhost""",1752938710.0353136
"""-""","""-""","""C:\\Windows\\System32\\services.exe""","""S-1-5-18""","""DESKTOP-VKU268G$""","""SplunkForwarder""","""localhost""",1752911997.772709
"""-""","""-""","""C:\\Windows\\System32\\services.exe""","""S-1-5-18""","""DESKTOP-VKU268G$""","""SplunkForwarder""","""localhost""",1752913093.8154895
"""-""","""-""","""C:\\Windows\\System32\\winlogon.exe""","""S-1-5-18""","""DESKTOP-VKU268G$""","""UMFD-1""","""localhost""",1752990404.5491264
"""-""","""-""","""C:\\Windows\\System32\\wininit.exe""","""S-1-5-18""","""DESKTOP-VKU268G$""","""UMFD-0""","""localhost""",1752990404.55012
"""-""","""-""","""C:\\Windows\\System32\\winlogon.exe""","""S-1-5-18""","""DESKTOP-VKU268G$""","""DWM-1""","""localhost""",1752990406.3544033
"""-""","""-""","""C:\\Windows\\System32\\services.exe""","""S-1-5-18""","""DESKTOP-VKU268G$""","""SplunkForwarder""","""localhost""",1752990412.3680625
"""127.0.0.1""","""0""","""C:\\Windows\\System32\\svchost.exe""","""S-1-5-18""","""DESKTOP-VKU268G$""","""TMAN""","""localhost""",1752990427.9578831
"""-""","""-""","""C:\\Windows\\System32\\services.exe""","""S-1-5-18""","""DESKTOP-VKU268G$""","""SplunkForwarder""","""localhost""",1752992899.511488
"""-""","""-""","""C:\\Windows\\System32\\services.exe""","""S-1-5-18""","""DESKTOP-VKU268G$""","""SplunkForwarder""","""localhost""",1752993593.391101
"""-""","""-""","""C:\\Windows\\System32\\services.exe""","""S-1-5-18""","""DESKTOP-VKU268G$""","""SplunkForwarder""","""localhost""",1752994753.5052192
"""-""","""-""","""C:\\Windows\\System32\\services.exe""","""S-1-5-18""","""DESKTOP-VKU268G$""","""SplunkForwarder""","""localhost""",1752994899.5792143
"""-""","""-""","""C:\\Windows\\System32\\services.exe""","""S-1-5-18""","""DESKTOP-VKU268G$""","""SplunkForwarder""","""localhost""",1752995038.8312736
"""-""","""-""","""C:\\Windows\\System32\\services.exe""","""S-1-5-18""","""DESKTOP-VKU268G$""","""SplunkForwarder""","""localhost""",1752995313.8460193
"""-""","""-""","""C:\\Windows\\System32\\services.exe""","""S-1-5-18""","""DESKTOP-VKU268G$""","""SplunkForwarder""","""localhost""",1752995555.9580896
"""-""","""-""","""C:\\Windows\\System32\\winlogon.exe""","""S-1-5-18""","""DESKTOP-VKU268G$""","""UMFD-1""","""localhost""",1753004206.3025649
"""-""","""-""","""C:\\Windows\\System32\\wininit.exe""","""S-1-5-18""","""DESKTOP-VKU268G$""","""UMFD-0""","""localhost""",1753004206.30632
"""-""","""-""","""C:\\Windows\\System32\\winlogon.exe""","""S-1-5-18""","""DESKTOP-VKU268G$""","""DWM-1""","""localhost""",1753004207.9921632
"""-""","""-""","""C:\\Windows\\System32\\services.exe""","""S-1-5-18""","""DESKTOP-VKU268G$""","""SplunkForwarder""","""localhost""",1753004214.649888
"""127.0.0.1""","""0""","""C:\\Windows\\System32\\svchost.exe""","""S-1-5-18""","""DESKTOP-VKU268G$""","""TMAN""","""localhost""",1753004225.6206512
"""-""","""-""","""C:\\Windows\\System32\\services.exe""","""S-1-5-18""","""DESKTOP-VKU268G$""","""SplunkForwarder""","""localhost""",1753004764.2964368
"""-""","""-""","""C:\\Windows\\System32\\services.exe""","""S-1-5-18""","""DESKTOP-VKU268G$""","""SplunkForwarder""","""localhost""",1753004862.67416
"""-""","""-""","""C:\\Windows\\System32\\services.exe""","""S-1-5-18""","""DESKTOP-VKU268G$""","""SplunkForwarder""","""localhost""",1753005014.7621503
"""-""","""-""","""C:\\Windows\\System32\\winlogon.exe""","""S-1-5-18""","""DESKTOP-VKU268G$""","""UMFD-1""","""localhost""",1753308032.6231537
"""-""","""-""","""C:\\Windows\\System32\\wininit.exe""","""S-1-5-18""","""DESKTOP-VKU268G$""","""UMFD-0""","""localhost""",1753308032.624568
"""-""","""-""","""C:\\Windows\\System32\\winlogon.exe""","""S-1-5-18""","""DESKTOP-VKU268G$""","""DWM-1""","""localhost""",1753308033.3286223
"""-""","""-""","""C:\\Windows\\System32\\services.exe""","""S-1-5-18""","""DESKTOP-VKU268G$""","""SplunkForwarder""","""localhost""",1753308038.8171184
"""127.0.0.1""","""0""","""C:\\Windows\\System32\\svchost.exe""","""S-1-5-18""","""DESKTOP-VKU268G$""","""TMAN""","""localhost""",1753308058.4646337
"""192.168.0.180""","""445""","""""","""S-1-5-21-4230326970-601550557-733139758-1001""","""TMAN""","""LAPTOPONE""","""WIN-BP32UODHG7O""",1753308360.1311536
"""-""","""-""","""C:\\Windows\\System32\\winlogon.exe""","""S-1-5-18""","""DESKTOP-VKU268G$""","""UMFD-1""","""localhost""",1753316637.9599967
"""-""","""-""","""C:\\Windows\\System32\\wininit.exe""","""S-1-5-18""","""DESKTOP-VKU268G$""","""UMFD-0""","""localhost""",1753316637.9621167
"""-""","""-""","""C:\\Windows\\System32\\winlogon.exe""","""S-1-5-18""","""DESKTOP-VKU268G$""","""DWM-1""","""localhost""",1753316639.7125711
"""-""","""-""","""C:\\Windows\\System32\\services.exe""","""S-1-5-18""","""DESKTOP-VKU268G$""","""SplunkForwarder""","""localhost""",1753316656.8780785
"""127.0.0.1""","""0""","""C:\\Windows\\System32\\svchost.exe""","""S-1-5-18""","""DESKTOP-VKU268G$""","""TMAN""","""localhost""",1753316679.482731
"""192.168.0.180""","""445""","""""","""S-1-5-21-4230326970-601550557-733139758-1001""","""TMAN""","""LAPTOPONE""","""WIN-BP32UODHG7O""",1753316949.789245
"""-""","""-""","""C:\\Windows\\System32\\winlogon.exe""","""S-1-5-18""","""DESKTOP-VKU268G$""","""UMFD-1""","""localhost""",1753321008.051509
"""-""","""-""","""C:\\Windows\\System32\\wininit.exe""","""S-1-5-18""","""DESKTOP-VKU268G$""","""UMFD-0""","""localhost""",1753321008.0544257
"""-""","""-""","""C:\\Windows\\System32\\winlogon.exe""","""S-1-5-18""","""DESKTOP-VKU268G$""","""DWM-1""","""localhost""",1753321009.8195424
"""-""","""-""","""C:\\Windows\\System32\\services.exe""","""S-1-5-18""","""DESKTOP-VKU268G$""","""SplunkForwarder""","""localhost""",1753321220.131768
"""-""","""-""","""C:\\Windows\\System32\\winlogon.exe""","""S-1-5-18""","""DESKTOP-VKU268G$""","""UMFD-1""","""localhost""",1753321260.8506112
"""-""","""-""","""C:\\Windows\\System32\\wininit.exe""","""S-1-5-18""","""DESKTOP-VKU268G$""","""UMFD-0""","""localhost""",1753321260.8507233
"""-""","""-""","""C:\\Windows\\System32\\winlogon.exe""","""S-1-5-18""","""DESKTOP-VKU268G$""","""DWM-1""","""localhost""",1753321262.782045
"""-""","""-""","""C:\\Windows\\System32\\services.exe""","""S-1-5-18""","""DESKTOP-VKU268G$""","""SplunkForwarder""","""localhost""",1753321272.854768
"""127.0.0.1""","""0""","""C:\\Windows\\System32\\svchost.exe""","""S-1-5-18""","""DESKTOP-VKU268G$""","""TMAN""","""localhost""",1753321588.9075632
"""-""","""-""","""C:\\Windows\\System32\\winlogon.exe""","""S-1-5-18""","""DESKTOP-VKU268G$""","""UMFD-1""","""localhost""",1753345667.4596927
"""-""","""-""","""C:\\Windows\\System32\\wininit.exe""","""S-1-5-18""","""DESKTOP-VKU268G$""","""UMFD-0""","""localhost""",1753345667.4599488
"""-""","""-""","""C:\\Windows\\System32\\winlogon.exe""","""S-1-5-18""","""DESKTOP-VKU268G$""","""DWM-1""","""localhost""",1753345669.37608
"""-""","""-""","""C:\\Windows\\System32\\services.exe""","""S-1-5-18""","""DESKTOP-VKU268G$""","""SplunkForwarder""","""localhost""",1753345682.955056
"""127.0.0.1""","""0""","""C:\\Windows\\System32\\svchost.exe""","""S-1-5-18""","""DESKTOP-VKU268G$""","""TMAN""","""localhost""",1753345707.9201152
"""-""","""-""","""C:\\Windows\\System32\\winlogon.exe""","""S-1-5-18""","""DESKTOP-VKU268G$""","""UMFD-1""","""localhost""",1753391114.3543167
"""-""","""-""","""C:\\Windows\\System32\\wininit.exe""","""S-1-5-18""","""DESKTOP-VKU268G$""","""UMFD-0""","""localhost""",1753391114.4326303
"""-""","""-""","""C:\\Windows\\System32\\winlogon.exe""","""S-1-5-18""","""DESKTOP-VKU268G$""","""DWM-1""","""localhost""",1753391115.7078671
"""-""","""-""","""C:\\Windows\\System32\\services.exe""","""S-1-5-18""","""DESKTOP-VKU268G$""","""SplunkForwarder""","""localhost""",1753391127.4887953
"""127.0.0.1""","""0""","""C:\\Windows\\System32\\svchost.exe""","""S-1-5-18""","""DESKTOP-VKU268G$""","""TMAN""","""localhost""",1753391316.7188993
