client_time,level,message
1753363038,"""INFO""","""Starting query execution for Windows.EventLogs.ExplicitLogon.\n"""
1753363038,"""INFO""","""Starting query execution for Windows.EventLogs.ScheduledTasks.\n"""
1753363038,"""INFO""","""Starting query execution for Windows.EventLogs.Evtx.\n"""
1753363038,"""INFO""","""Starting query execution for Windows.EventLogs.AlternateLogon.\n"""
1753363038,"""INFO""","""Starting query execution for Windows.EventLogs.Modifications/Channels.\n"""
1753363038,"""INFO""","""Starting query execution for Windows.EventLogs.PowershellModule.\n"""
1753363038,"""INFO""","""Starting query execution for Windows.System.AuditPolicy.\n"""
1753363038,"""INFO""","""Starting query execution for Windows.Forensics.BulkExtractor.\n"""
1753363038,"""INFO""","""Starting query execution for Windows.EventLogs.Symantec.\n"""
1753363038,"""INFO""","""Starting query execution for Windows.EventLogs.PowershellScriptblock.\n"""
1753363039,"""DEFAULT""","""shell: Running external command [auditpol.exe /get /category:* /r]\n"""
1753363039,"""DEFAULT""","""tempfile: removing tempfile C:\\Program Files\\Velociraptor\\Tools\\tmp2647050717\n"""
1753363039,"""DEFAULT""","""Windows.System.AuditPolicy: Time 0: Windows.System.AuditPolicy: Sending response part 0 13 kB (59 rows)."""
1753363039,"""INFO""","""Collection Windows.System.AuditPolicy is done after 1.1002215s\n"""
1753363039,"""DEBUG""","""Query Stats: {\""RowsScanned\"":180,\""PluginsCalled\"":6,\""FunctionsCalled\"":0,\""ProtocolSearch\"":4,\""ScopeCopy\"":369}\n"""
1753363040,"""DEFAULT""","""Windows.EventLogs.Modifications/Channels: Time 1: Windows.EventLogs.Modifications/Channels: Sending response part 0 314 kB (1000 rows)."""
1753363040,"""DEFAULT""","""Windows.EventLogs.Modifications/Channels: Time 1: Windows.EventLogs.Modifications/Channels: Sending response part 1 46 kB (155 rows)."""
1753363042,"""DEFAULT""","""Windows.EventLogs.Modifications/Channels: Time 1: Windows.EventLogs.Modifications/Providers: Sending response part 0 85 kB (189 rows)."""
1753363042,"""INFO""","""Collection Windows.EventLogs.Modifications/Channels is done after 3.7072211s\n"""
1753363042,"""DEBUG""","""Query Stats: {\""RowsScanned\"":5115,\""PluginsCalled\"":197,\""FunctionsCalled\"":1543,\""ProtocolSearch\"":166245,\""ScopeCopy\"":11590}\n"""
1753363044,"""DEFAULT""","""Unable to open file C:\\Windows\\system32\\winevt\\logs\\Symantec Endpoint Protection Client.evtx: open C:\\Windows\\system32\\winevt\\logs\\Symantec Endpoint Protection Client.evtx: The system cannot find the file specified., unable to fall back to ntfs parsing: Not found\n"""
1753363044,"""INFO""","""Collection Windows.EventLogs.Symantec is done after 5.7100003s\n"""
1753363044,"""DEBUG""","""Query Stats: {\""RowsScanned\"":0,\""PluginsCalled\"":1,\""FunctionsCalled\"":6,\""ProtocolSearch\"":0,\""ScopeCopy\"":2}\n"""
1753363046,"""INFO""","""Collection Windows.EventLogs.PowershellModule is done after 7.8005216s\n"""
1753363046,"""DEBUG""","""Query Stats: {\""RowsScanned\"":27,\""PluginsCalled\"":3,\""FunctionsCalled\"":11,\""ProtocolSearch\"":196,\""ScopeCopy\"":87}\n"""
1753363048,"""DEFAULT""","""Windows.EventLogs.PowershellScriptblock: Time 9: Windows.EventLogs.PowershellScriptblock: Sending response part 0 4.8 kB (2 rows)."""
1753363048,"""INFO""","""Collection Windows.EventLogs.PowershellScriptblock is done after 9.7047826s\n"""
1753363048,"""DEBUG""","""Query Stats: {\""RowsScanned\"":7,\""PluginsCalled\"":2,\""FunctionsCalled\"":8,\""ProtocolSearch\"":0,\""ScopeCopy\"":20}\n"""
1753363051,"""DEFAULT""","""Sleeping 5 Seconds\n"""
1753363052,"""DEFAULT""","""Windows.EventLogs.AlternateLogon: Time 13: Windows.EventLogs.AlternateLogon: Sending response part 0 25 kB (106 rows)."""
1753363052,"""INFO""","""Collection Windows.EventLogs.AlternateLogon is done after 14.0080159s\n"""
1753363052,"""DEBUG""","""Query Stats: {\""RowsScanned\"":13024,\""PluginsCalled\"":4,\""FunctionsCalled\"":0,\""ProtocolSearch\"":4,\""ScopeCopy\"":38971}\n"""
1753363056,"""DEFAULT""","""URL for bulk_extractor.exe is at https://localhost:9999/public/9cc51da57341c1a4d3573470608e15d1844aadc0f9fe074722d11810f422a7f9 and has hash of 1eade5c20c693cf537e9b0e89ecdcb958e573c4ad45c72b25234041461ca53e0\n"""
1753363056,"""DEFAULT""","""Fetching https://localhost:9999/public/9cc51da57341c1a4d3573470608e15d1844aadc0f9fe074722d11810f422a7f9\n"""
1753363059,"""DEFAULT""","""http_client: Error Get \""https://localhost:9999/public/9cc51da57341c1a4d3573470608e15d1844aadc0f9fe074722d11810f422a7f9\"": dial tcp [::1]:9999: connectex: No connection could be made because the target machine actively refused it. while fetching https://localhost:9999/public/9cc51da57341c1a4d3573470608e15d1844aadc0f9fe074722d11810f422a7f9\n"""
1753363059,"""DEFAULT""","""downloaded hash of Get \""https://localhost:9999/public/9cc51da57341c1a4d3573470608e15d1844aadc0f9fe074722d11810f422a7f9\"": dial tcp [::1]:9999: connectex: No connection could be made because the target machine actively refused it.: Null, expected 1eade5c20c693cf537e9b0e89ecdcb958e573c4ad45c72b25234041461ca53e0\n"""
1753363060,"""DEFAULT""","""shell: Running external command [Null -q 99999999999 -R -h -o C:\\Program Files\\Velociraptor\\Tools\\tmp4061310059\\PhysicalDrive_ \\\\.\\PhysicalDrive0]\n"""
1753363060,"""DEFAULT""","""shell: exec: \""Null\"": executable file not found in %PATH%\n"""
1753363060,"""DEFAULT""","""Windows.Forensics.BulkExtractor: Time 1: Windows.Forensics.BulkExtractor: Sending response part 0 109 B (1 rows)."""
1753363060,"""INFO""","""Collection Windows.Forensics.BulkExtractor is done after 22.2476632s\n"""
1753363060,"""DEFAULT""","""tempfile: removing tempfile C:\\Program Files\\Velociraptor\\Tools\\tmp898835276.exe\n"""
1753363060,"""DEFAULT""","""tempdir: removing tempdir C:\\Program Files\\Velociraptor\\Tools\\tmp4061310059\n"""
1753363060,"""DEBUG""","""Query Stats: {\""RowsScanned\"":17,\""PluginsCalled\"":23,\""FunctionsCalled\"":13,\""ProtocolSearch\"":70,\""ScopeCopy\"":72}\n"""
1753363062,"""DEFAULT""","""Windows.EventLogs.ExplicitLogon: Time 23: Windows.EventLogs.ExplicitLogon: Sending response part 0 5.3 kB (3 rows)."""
1753363062,"""INFO""","""Collection Windows.EventLogs.ExplicitLogon is done after 24.609675s\n"""
1753363062,"""DEBUG""","""Query Stats: {\""RowsScanned\"":8,\""PluginsCalled\"":4,\""FunctionsCalled\"":7,\""ProtocolSearch\"":4,\""ScopeCopy\"":24}\n"""
1753363063,"""INFO""","""Collection Windows.EventLogs.ScheduledTasks is done after 24.8023332s\n"""
1753363063,"""DEBUG""","""Query Stats: {\""RowsScanned\"":2,\""PluginsCalled\"":4,\""FunctionsCalled\"":8,\""ProtocolSearch\"":4,\""ScopeCopy\"":12}\n"""
1753363069,"""DEFAULT""","""Windows.EventLogs.Evtx: Time 30: Windows.EventLogs.Evtx: Waiting for rows."""
1753363085,"""DEFAULT""","""GROUP BY: 30001 bins exceeded, Switching to slower file based\n"""
1753363099,"""DEFAULT""","""Windows.EventLogs.Evtx: Time 60: Windows.EventLogs.Evtx: Waiting for rows."""
1753363129,"""DEFAULT""","""Windows.EventLogs.Evtx: Time 90: Windows.EventLogs.Evtx: Waiting for rows."""
1753363137,"""DEFAULT""","""Windows.EventLogs.Evtx: Time 98: Windows.EventLogs.Evtx: Sending response part 0 1.5 MB (1000 rows)."""
1753363142,"""DEFAULT""","""Windows.EventLogs.Evtx: Time 103: Windows.EventLogs.Evtx: Sending response part 1 1.5 MB (1000 rows)."""
1753363158,"""DEFAULT""","""Windows.EventLogs.Evtx: Time 119: Windows.EventLogs.Evtx: Sending response part 2 1.5 MB (1000 rows)."""
1753363162,"""DEFAULT""","""Windows.EventLogs.Evtx: Time 123: Windows.EventLogs.Evtx: Sending response part 3 1.8 MB (1000 rows)."""
1753363168,"""DEFAULT""","""Windows.EventLogs.Evtx: Time 129: Windows.EventLogs.Evtx: Sending response part 4 1.2 MB (1000 rows)."""
1753363172,"""DEFAULT""","""Windows.EventLogs.Evtx: Time 133: Windows.EventLogs.Evtx: Sending response part 5 975 kB (1000 rows)."""
1753363176,"""DEFAULT""","""Windows.EventLogs.Evtx: Time 137: Windows.EventLogs.Evtx: Sending response part 6 975 kB (1000 rows)."""
1753363180,"""DEFAULT""","""Windows.EventLogs.Evtx: Time 141: Windows.EventLogs.Evtx: Sending response part 7 975 kB (1000 rows)."""
1753363183,"""DEFAULT""","""Windows.EventLogs.Evtx: Time 144: Windows.EventLogs.Evtx: Sending response part 8 975 kB (1000 rows)."""
1753363187,"""DEFAULT""","""Windows.EventLogs.Evtx: Time 148: Windows.EventLogs.Evtx: Sending response part 9 975 kB (1000 rows)."""
1753363189,"""DEFAULT""","""Windows.EventLogs.Evtx: Time 150: Windows.EventLogs.Evtx: Sending response part 10 975 kB (1000 rows)."""
1753363192,"""DEFAULT""","""Windows.EventLogs.Evtx: Time 153: Windows.EventLogs.Evtx: Sending response part 11 975 kB (1000 rows)."""
1753363195,"""DEFAULT""","""Windows.EventLogs.Evtx: Time 156: Windows.EventLogs.Evtx: Sending response part 12 975 kB (1000 rows)."""
1753363200,"""DEFAULT""","""Windows.EventLogs.Evtx: Time 161: Windows.EventLogs.Evtx: Sending response part 13 978 kB (1000 rows)."""
1753363204,"""DEFAULT""","""Windows.EventLogs.Evtx: Time 165: Windows.EventLogs.Evtx: Sending response part 14 975 kB (1000 rows)."""
1753363208,"""DEFAULT""","""Windows.EventLogs.Evtx: Time 169: Windows.EventLogs.Evtx: Sending response part 15 975 kB (1000 rows)."""
1753363210,"""DEFAULT""","""Windows.EventLogs.Evtx: Time 171: Windows.EventLogs.Evtx: Sending response part 16 975 kB (1000 rows)."""
1753363216,"""DEFAULT""","""Windows.EventLogs.Evtx: Time 177: Windows.EventLogs.Evtx: Sending response part 17 975 kB (1000 rows)."""
1753363222,"""DEFAULT""","""Windows.EventLogs.Evtx: Time 183: Windows.EventLogs.Evtx: Sending response part 18 976 kB (1000 rows)."""
1753363226,"""DEFAULT""","""Windows.EventLogs.Evtx: Time 187: Windows.EventLogs.Evtx: Sending response part 19 975 kB (1000 rows)."""
1753363231,"""DEFAULT""","""Windows.EventLogs.Evtx: Time 192: Windows.EventLogs.Evtx: Sending response part 20 975 kB (1000 rows)."""
1753363234,"""DEFAULT""","""Windows.EventLogs.Evtx: Time 195: Windows.EventLogs.Evtx: Sending response part 21 975 kB (1000 rows)."""
1753363239,"""DEFAULT""","""Windows.EventLogs.Evtx: Time 200: Windows.EventLogs.Evtx: Sending response part 22 975 kB (1000 rows)."""
1753363244,"""DEFAULT""","""Windows.EventLogs.Evtx: Time 205: Windows.EventLogs.Evtx: Sending response part 23 975 kB (1000 rows)."""
1753363247,"""DEFAULT""","""Windows.EventLogs.Evtx: Time 208: Windows.EventLogs.Evtx: Sending response part 24 975 kB (1000 rows)."""
1753363252,"""DEFAULT""","""Windows.EventLogs.Evtx: Time 213: Windows.EventLogs.Evtx: Sending response part 25 975 kB (1000 rows)."""
1753363255,"""DEFAULT""","""Windows.EventLogs.Evtx: Time 216: Windows.EventLogs.Evtx: Sending response part 26 975 kB (1000 rows)."""
1753363262,"""DEFAULT""","""Windows.EventLogs.Evtx: Time 223: Windows.EventLogs.Evtx: Sending response part 27 975 kB (1000 rows)."""
1753363267,"""DEFAULT""","""Windows.EventLogs.Evtx: Time 228: Windows.EventLogs.Evtx: Sending response part 28 1.0 MB (1000 rows)."""
1753363271,"""DEFAULT""","""Windows.EventLogs.Evtx: Time 232: Windows.EventLogs.Evtx: Sending response part 29 1.1 MB (1000 rows)."""
1753363276,"""DEFAULT""","""Windows.EventLogs.Evtx: Time 237: Windows.EventLogs.Evtx: Sending response part 30 1.2 MB (1000 rows)."""
1753363279,"""DEFAULT""","""Windows.EventLogs.Evtx: Time 240: Windows.EventLogs.Evtx: Sending response part 31 1.6 MB (1000 rows)."""
1753363282,"""DEFAULT""","""Windows.EventLogs.Evtx: Time 243: Windows.EventLogs.Evtx: Sending response part 32 1.8 MB (1000 rows)."""
1753363287,"""DEFAULT""","""Windows.EventLogs.Evtx: Time 248: Windows.EventLogs.Evtx: Sending response part 33 1.7 MB (1000 rows)."""
1753363289,"""DEFAULT""","""Windows.EventLogs.Evtx: Time 250: Windows.EventLogs.Evtx: Sending response part 34 1.6 MB (1000 rows)."""
1753363295,"""DEFAULT""","""Windows.EventLogs.Evtx: Time 256: Windows.EventLogs.Evtx: Sending response part 35 1.4 MB (1000 rows)."""
1753363298,"""DEFAULT""","""Windows.EventLogs.Evtx: Time 259: Windows.EventLogs.Evtx: Sending response part 36 1.5 MB (1000 rows)."""
1753363301,"""DEFAULT""","""Windows.EventLogs.Evtx: Time 262: Windows.EventLogs.Evtx: Sending response part 37 1.5 MB (1000 rows)."""
1753363305,"""DEFAULT""","""Windows.EventLogs.Evtx: Time 266: Windows.EventLogs.Evtx: Sending response part 38 1.5 MB (1000 rows)."""
1753363310,"""DEFAULT""","""Windows.EventLogs.Evtx: Time 271: Windows.EventLogs.Evtx: Sending response part 39 1.4 MB (1000 rows)."""
1753363312,"""DEFAULT""","""Windows.EventLogs.Evtx: Time 273: Windows.EventLogs.Evtx: Sending response part 40 1.4 MB (1000 rows)."""
1753363313,"""ERROR""","""Cancelled all inflight queries for flow F.D2134OS75RMJ2.H"""
1753363315,"""DEFAULT""","""Windows.EventLogs.Evtx: Time 276: Windows.EventLogs.Evtx: Sending response part 41 834 kB (578 rows)."""
1753363315,"""INFO""","""Collection Windows.EventLogs.Evtx is done after 4m37.4667738s\n"""
1753363315,"""DEBUG""","""Query Stats: {\""RowsScanned\"":116418,\""PluginsCalled\"":4,\""FunctionsCalled\"":3,\""ProtocolSearch\"":4,\""ScopeCopy\"":316004}\n"""
