{
 "client_id": "C.e9cff9a5fc12756d",
 "hostname": "DESKTOP-VKU268G",
 "fqdn": "DESKTOP-VKU268G.lan",
 "system": "windows",
 "release": "Microsoft Windows 10 Enterprise Evaluation10.0.19044 Build 19044",
 "architecture": "amd64",
 "ip_address": "192.168.0.184:49783",
 "ping": 1753364089820348,
 "client_version": "0.7.0",
 "client_name": "velociraptor",
 "first_seen_at": 1753285263,
 "build_time": "2023-08-28T02:38:17Z",
 "mac_addresses": [
  "08:00:27:ac:2d:4c"
 ],
 "last_interrogate_flow_id": "F.D213C4H6G5N4C",
 "last_interrogate_artifact_name": "Generic.Client.Info/BasicInformation",
 "last_hunt_timestamp": 1753361805258679,
 "last_event_table_version": 1753364049527670900
}