{
 "items": [
  {
   "session_id": "F.D2134OS75RMJ2.H",
   "request_id": 1,
   "FlowRequest": {
    "VQLClientActions": [
     {
      "query_id": 1,
      "total_queries": 10,
      "precondition": "SELECT OS From info() where OS = 'windows'",
      "env": [
       {
        "key": "Security",
        "value": "%SystemRoot%\\System32\\Winevt\\Logs\\Security.evtx"
       },
       {
        "key": "TaskScheduler",
        "value": "%SystemRoot%\\System32\\Winevt\\Logs\\Microsoft-Windows-TaskScheduler%4Operational.evtx"
       },
       {
        "key": "DateAfter"
       },
       {
        "key": "DateBefore"
       },
       {
        "key": "TaskSchedulerEventRegex",
        "value": "."
       },
       {
        "key": "SecurityEventRegex",
        "value": "^(4698|4699|4700|4701|4702)$"
       },
       {
        "key": "TaskNameRegex",
        "value": "."
       },
       {
        "key": "TaskNameWhitelist"
       },
       {
        "key": "TaskActionRegex",
        "value": "."
       },
       {
        "key": "TaskActionWhitelist"
       },
       {
        "key": "UserNameRegex",
        "value": "."
       },
       {
        "key": "IocRegex",
        "value": "."
       },
       {
        "key": "VSSAnalysisAge",
        "value": "0"
       }
      ],
      "Query": [
       {
        "VQL": "LET DateAfter \u003c= timestamp(epoch=DateAfter)"
       },
       {
        "VQL": "LET DateBefore \u003c= timestamp(epoch=DateBefore)"
       },
       {
        "VQL": "LET VSSAnalysisAge \u003c= int(int=VSSAnalysisAge)"
       },
       {
        "VQL": "LET precondition_Windows_EventLogs_ScheduledTasks_0 = SELECT OS FROM info() WHERE OS = 'windows'"
       },
       {
        "VQL": "LET VSS_MAX_AGE_DAYS \u003c= VSSAnalysisAge"
       },
       {
        "VQL": "LET Accessor = if(condition=VSSAnalysisAge \u003e 0, then=\"ntfs_vss\", else=\"auto\")"
       },
       {
        "VQL": "LET DateAfterTime \u003c= if(condition=DateAfter, then=DateAfter, else=timestamp(epoch=\"1600-01-01\"))"
       },
       {
        "VQL": "LET DateBeforeTime \u003c= if(condition=DateBefore, then=DateBefore, else=timestamp(epoch=\"2200-01-01\"))"
       },
       {
        "VQL": "LET TaskIDLookup \u003c= dict(`4698`=\"A scheduled task was created.\", `4699`=\"A scheduled task was deleted.\", `4700`=\"A scheduled task was enabled.\", `4701`=\"A scheduled task was disabled.\", `4702`=\"A scheduled task was updated.\")"
       },
       {
        "VQL": "LET fspaths = SELECT OSPath FROM glob(globs=[expand(path=Security), expand(path=TaskScheduler)], accessor=Accessor)"
       },
       {
        "VQL": "LET parse_task(data) = dict(SubjectUserSid=data.SubjectUserSid, SubjectUserName=data.SubjectUserName, SubjectDomainName=data.SubjectDomainName, SubjectLogonId=data.SubjectLogonId, TaskName=data.TaskName, TaskContent=parse_xml(accessor='data', file=regex_replace(source=if(condition=data.TaskContentNew, then=data.TaskContentNew, else=if(condition=data.TaskContent, then=data.TaskContent)), re='\u003c[?].+?\u003e', replace='')).Task, ClientProcessStartKey=data.ClientProcessStartKey, ClientProcessId=data.ClientProcessId, ParentProcessId=data.ParentProcessId, RpcCallClientLocality=data.RpcCallClientLocality, FQDN=data.FQDN)"
       },
       {
        "VQL": "LET evtxsearch(PathList) = SELECT * FROM foreach(row=PathList, query={ SELECT timestamp(epoch=int(int=System.TimeCreated.SystemTime)) AS EventTime, System.Computer AS Computer, System.Channel AS Channel, System.EventID.Value AS EventID, System.EventRecordID AS EventRecordID, if(condition=EventData.UserName, then=EventData.UserName, else=if(condition=EventData.UserContext, then=EventData.UserContext, else=if(condition=EventData.SubjectUserName, then=EventData.SubjectDomainName + '\\\\' + EventData.SubjectUserName, else='N/A'))) AS UserName, if(condition=EventData.TaskName, then=EventData.TaskName) AS TaskName, if(condition=EventData.ActionName, then=EventData.ActionName, else=if(condition=EventData.Path, then=EventData.Path, else='N/A')) AS TaskAction, if(condition=EventData.TaskContent OR EventData.TaskContentNew, then=parse_task(data=EventData), else=EventData) AS EventData, get(field=\"Message\") AS Message, OSPath FROM parse_evtx(filename=OSPath, accessor=Accessor) WHERE ((Channel = 'Microsoft-Windows-TaskScheduler/Operational'  AND str(str=EventID) =~ TaskSchedulerEventRegex) OR (Channel = 'Security'  AND str(str=EventID) =~ SecurityEventRegex))  AND TaskName =~ TaskNameRegex  AND NOT if(condition=TaskNameWhitelist, then=TaskName =~ TaskNameWhitelist, else=False)  AND TaskAction =~ TaskActionRegex  AND NOT if(condition=TaskActionWhitelist, then=TaskName =~ TaskActionWhitelist, else=False)  AND UserName =~ UserNameRegex  AND format(format='%v %v %v %v', args=[EventData, UserData, Message, System]) =~ IocRegex  AND EventTime \u003e= DateAfterTime  AND EventTime \u003c= DateBeforeTime })"
       },
       {
        "VQL": "LET Windows_EventLogs_ScheduledTasks_0_8 = SELECT EventTime, Computer, Channel, EventID, EventRecordID, UserName, TaskName, if(condition=Channel = 'Microsoft-Windows-TaskScheduler/Operational', then=Message, else=get(item=TaskIDLookup, member=str(str=EventID))) AS Message, if(condition=EventID =~ '^(4698|4699|4700|4701|4702)$', then=if(condition=EventData.TaskContent.Actions, then=if(condition=EventData.TaskContent.Actions.Exec, then=if(condition=EventData.TaskContent.Actions.Exec.Arguments, then=EventData.TaskContent.Actions.Exec.Command + ' ' + EventData.TaskContent.Actions.Exec.Arguments, else=EventData.TaskContent.Actions.Exec.Command), else=if(condition=EventData.TaskContent.Actions.ComHandler.ClassId, then='ClassId: ' + EventData.TaskContent.Actions.ComHandler.ClassId))), else=TaskAction) AS TaskAction, EventData, OSPath FROM evtxsearch(PathList=fspaths)"
       },
       {
        "Name": "$a5c9a52b21452c849e82a5242efecff9b4a5b0900cb9be542a9ccbdf852a1f534b60fb1d5186fe5afbafc5e6130b1d13",
        "VQL": "SELECT * FROM if(then=Windows_EventLogs_ScheduledTasks_0_8, condition=precondition_Windows_EventLogs_ScheduledTasks_0, else={ SELECT * FROM scope() WHERE log(message='Query skipped due to precondition')  AND FALSE })"
       }
      ],
      "max_row": 1000
     },
     {
      "query_id": 2,
      "total_queries": 10,
      "precondition": "SELECT OS FROM info() WHERE OS = 'windows'",
      "env": [
       {
        "key": "EvtxGlob",
        "value": "%SystemRoot%\\System32\\winevt\\Logs\\*.evtx"
       },
       {
        "key": "VSSAnalysisAge",
        "value": "0"
       },
       {
        "key": "StartDate"
       },
       {
        "key": "EndDate"
       },
       {
        "key": "PathRegex",
        "value": "."
       },
       {
        "key": "ChannelRegex",
        "value": "."
       },
       {
        "key": "IDRegex",
        "value": "."
       }
      ],
      "Query": [
       {
        "VQL": "LET VSSAnalysisAge \u003c= int(int=VSSAnalysisAge)"
       },
       {
        "VQL": "LET StartDate \u003c= timestamp(epoch=StartDate)"
       },
       {
        "VQL": "LET EndDate \u003c= timestamp(epoch=EndDate)"
       },
       {
        "VQL": "LET precondition_Windows_EventLogs_Evtx_0 = SELECT OS FROM info() WHERE OS = 'windows'"
       },
       {
        "VQL": "LET VSS_MAX_AGE_DAYS \u003c= VSSAnalysisAge"
       },
       {
        "VQL": "LET Accessor = if(condition=VSSAnalysisAge \u003e 0, then=\"ntfs_vss\", else=\"auto\")"
       },
       {
        "VQL": "LET fspaths = SELECT OSPath FROM glob(globs=expand(path=EvtxGlob), accessor=Accessor) WHERE OSPath =~ PathRegex"
       },
       {
        "VQL": "LET evtxsearch(pathList) = SELECT * FROM foreach(row=pathList, query={ SELECT *, timestamp(epoch=int(int=System.TimeCreated.SystemTime)) AS TimeCreated, System.Channel AS Channel, System.EventRecordID AS EventRecordID, System.EventID.Value AS EventID, OSPath FROM parse_evtx(filename=OSPath, accessor=Accessor) WHERE if(condition=StartDate, then=TimeCreated \u003e= timestamp(string=StartDate), else=true)  AND if(condition=EndDate, then=TimeCreated \u003c= timestamp(string=EndDate), else=true)  AND Channel =~ ChannelRegex  AND str(str=EventID) =~ IDRegex })"
       },
       {
        "VQL": "LET Windows_EventLogs_Evtx_0_4 = SELECT * FROM evtxsearch(pathList=fspaths) GROUP BY EventRecordID, Channel"
       },
       {
        "Name": "$a5c9a52b21452c849e82a5242efecff9b2074a445c83e436d9395dceb71b8420",
        "VQL": "SELECT * FROM if(then=Windows_EventLogs_Evtx_0_4, condition=precondition_Windows_EventLogs_Evtx_0, else={ SELECT * FROM scope() WHERE log(message='Query skipped due to precondition')  AND FALSE })"
       }
      ],
      "max_row": 1000
     },
     {
      "query_id": 3,
      "total_queries": 10,
      "precondition": "SELECT OS From info() where OS = 'windows'",
      "env": [
       {
        "key": "securityLogFile",
        "value": "C:/Windows/System32/Winevt/Logs/Security.evtx"
       }
      ],
      "Query": [
       {
        "VQL": "LET precondition_Windows_EventLogs_AlternateLogon_0 = SELECT OS FROM info() WHERE OS = 'windows'"
       },
       {
        "VQL": "LET Windows_EventLogs_AlternateLogon_0_0 = SELECT EventData.IpAddress AS IpAddress, EventData.IpPort AS Port, EventData.ProcessName AS ProcessName, EventData.SubjectUserSid AS SubjectUserSid, EventData.SubjectUserName AS SubjectUserName, EventData.TargetUserName AS TargetUserName, EventData.TargetServerName AS TargetServerName, System.TimeCreated.SystemTime AS LogonTime FROM parse_evtx(filename=securityLogFile) WHERE System.EventID.Value = 4648  AND EventData"
       },
       {
        "Name": "$a5c9a52b21452c849e82a5242efecff97eb43d5b9b093d03fab04bea73ba1f384fb834e4bb45700bded2b482616835f0",
        "VQL": "SELECT * FROM if(then=Windows_EventLogs_AlternateLogon_0_0, condition=precondition_Windows_EventLogs_AlternateLogon_0, else={ SELECT * FROM scope() WHERE log(message='Query skipped due to precondition')  AND FALSE })"
       }
      ],
      "max_row": 1000
     },
     {
      "query_id": 4,
      "total_queries": 10,
      "precondition": "\nSELECT * FROM info() WHERE OS =~ \"windows\"\n",
      "env": [
       {
        "key": "ProviderRegex",
        "value": "."
       },
       {
        "key": "DateAfter"
       },
       {
        "key": "DateBefore"
       }
      ],
      "Query": [
       {
        "VQL": "LET DateAfter \u003c= timestamp(epoch=DateAfter)"
       },
       {
        "VQL": "LET DateBefore \u003c= timestamp(epoch=DateBefore)"
       },
       {
        "VQL": "LET precondition_Windows_EventLogs_Modifications_Channels_0 = SELECT * FROM info() WHERE OS =~ \"windows\""
       },
       {
        "VQL": "LET DateAfterTime \u003c= if(condition=DateAfter, then=DateAfter, else=timestamp(epoch=\"1600-01-01\"))"
       },
       {
        "VQL": "LET DateBeforeTime \u003c= if(condition=DateBefore, then=DateBefore, else=timestamp(epoch=\"2200-01-01\"))"
       },
       {
        "VQL": "LET Key = \"HKEY_LOCAL_MACHINE\\\\SOFTWARE\\\\Microsoft\\\\Windows\\\\CurrentVersion\\\\WINEVT\\\\Channels\\\\*\""
       },
       {
        "VQL": "LET Windows_EventLogs_Modifications_Channels_0_3 = SELECT Key.Mtime AS Mtime, basename(path=Key.OSPath) AS ChannelName, Key.OSPath AS _Key, OwningPublisher, Enabled FROM read_reg_key(globs=Key) WHERE ChannelName =~ ProviderRegex  AND Mtime \u003e DateAfterTime  AND Mtime \u003c DateBeforeTime"
       },
       {
        "Name": "$a5c9a52b21452c849e82a5242efecff969c545271cb1e7bd4ca609e5ccb99789ee28e21b3cf1ef79816543bdce5d2b32",
        "VQL": "SELECT * FROM if(then=Windows_EventLogs_Modifications_Channels_0_3, condition=precondition_Windows_EventLogs_Modifications_Channels_0, else={ SELECT * FROM scope() WHERE log(message='Query skipped due to precondition')  AND FALSE })"
       },
       {
        "VQL": "LET precondition_Windows_EventLogs_Modifications_Providers_1 = SELECT * FROM info() WHERE OS =~ \"windows\""
       },
       {
        "VQL": "LET Key = \"HKEY_LOCAL_MACHINE\\\\SYSTEM\\\\CurrentControlSet\\\\Control\\\\WMI\\\\Autologger\\\\EventLog-System\\\\**\\\\Enabled\""
       },
       {
        "VQL": "LET Publishers = \"HKEY_LOCAL_MACHINE\\\\SOFTWARE\\\\Microsoft\\\\Windows\\\\CurrentVersion\\\\WINEVT\\\\Publishers\\\\*\\\\@\""
       },
       {
        "VQL": "LET ProviderNames \u003c= memoize(key=\"GUID\", query={ SELECT OSPath.Components[-2] AS GUID, Data.value AS Name FROM glob(globs=Publishers, accessor=\"registry\") })"
       },
       {
        "VQL": "LET X = SELECT Mtime, OSPath.Dirname.Basename AS GUID, Data.value AS Enabled, OSPath.Dirname AS Key, to_dict(item={ SELECT Name AS _key, Data.value AS _value FROM glob(root=OSPath.Dirname, globs=\"/*\", accessor=\"registry\") }) AS Content FROM glob(globs=Key, accessor=\"registry\")"
       },
       {
        "VQL": "LET Windows_EventLogs_Modifications_Providers_1_4 = SELECT Mtime, GUID, Key AS _RegKey, get(item=ProviderNames, member=GUID).Name AS ProviderName, Enabled, Content FROM X WHERE ProviderName =~ ProviderRegex  AND Mtime \u003e DateAfterTime  AND Mtime \u003c DateBeforeTime ORDER BY ProviderName"
       },
       {
        "Name": "$a5c9a52b21452c849e82a5242efecff969c545271cb1e7bd4ca609e5ccb9978939620cad4d17f5f11337892a04befe20",
        "VQL": "SELECT * FROM if(then=Windows_EventLogs_Modifications_Providers_1_4, condition=precondition_Windows_EventLogs_Modifications_Providers_1, else={ SELECT * FROM scope() WHERE log(message='Query skipped due to precondition')  AND FALSE })"
       }
      ],
      "max_row": 1000
     },
     {
      "query_id": 5,
      "total_queries": 10,
      "env": [
       {
        "key": "EventLog",
        "value": "C:\\Windows\\system32\\winevt\\logs\\Microsoft-Windows-PowerShell%4Operational.evtx"
       },
       {
        "key": "DateAfter"
       },
       {
        "key": "DateBefore"
       },
       {
        "key": "ContextRegex"
       },
       {
        "key": "PayloadRegex"
       },
       {
        "key": "VSSAnalysisAge",
        "value": "0"
       }
      ],
      "Query": [
       {
        "VQL": "LET DateAfter \u003c= timestamp(epoch=DateAfter)"
       },
       {
        "VQL": "LET DateBefore \u003c= timestamp(epoch=DateBefore)"
       },
       {
        "VQL": "LET VSSAnalysisAge \u003c= int(int=VSSAnalysisAge)"
       },
       {
        "VQL": "LET VSS_MAX_AGE_DAYS \u003c= VSSAnalysisAge"
       },
       {
        "VQL": "LET Accessor = if(condition=VSSAnalysisAge \u003e 0, then=\"ntfs_vss\", else=\"auto\")"
       },
       {
        "VQL": "LET DateAfterTime \u003c= if(condition=DateAfter, then=timestamp(epoch=DateAfter), else=timestamp(epoch=\"1600-01-01\"))"
       },
       {
        "VQL": "LET DateBeforeTime \u003c= if(condition=DateBefore, then=timestamp(epoch=DateBefore), else=timestamp(epoch=\"2200-01-01\"))"
       },
       {
        "VQL": "LET files = SELECT *, OSPath AS Source FROM glob(globs=EventLog, accessor=Accessor)"
       },
       {
        "VQL": "LET hits = SELECT * FROM foreach(row=files, query={ SELECT timestamp(epoch=System.TimeCreated.SystemTime) AS EventTime, System.EventID.Value AS EventID, System.Computer AS Computer, System.Security.UserID AS SecurityID, EventData.ContextInfo AS ContextInfo, EventData.Payload AS Payload, Message, System.EventRecordID AS EventRecordID, System.Level AS Level, System.Opcode AS Opcode, System.Task AS Task, Source FROM parse_evtx(filename=OSPath, accessor=Accessor) WHERE EventID = 4103  AND EventTime \u003e DateAfterTime  AND EventTime \u003c DateBeforeTime  AND if(condition=ContextRegex, then=ContextInfo =~ ContextRegex, else=TRUE)  AND if(condition=PayloadRegex, then=ContextInfo =~ PayloadRegex, else=TRUE) }) ORDER BY Source DESC "
       },
       {
        "VQL": "LET Windows_EventLogs_PowershellModule_0_6 = SELECT EventTime, EventID, Computer, SecurityID, ContextInfo, Payload, Message, EventRecordID, Level, Opcode, Task, Source FROM hits GROUP BY EventRecordID, Channel"
       },
       {
        "Name": "$a5c9a52b21452c849e82a5242efecff97ab42ef26167e2147332af8cbe266f71de3042d9c27f774dc8536760f0116853",
        "VQL": "SELECT * FROM Windows_EventLogs_PowershellModule_0_6"
       }
      ],
      "max_row": 1000
     },
     {
      "query_id": 6,
      "total_queries": 10,
      "precondition": "\nSELECT OS From info() where OS = 'windows'\n",
      "Query": [
       {
        "VQL": "LET precondition_Windows_System_AuditPolicy_0 = SELECT OS FROM info() WHERE OS = 'windows'"
       },
       {
        "VQL": "LET output = SELECT * FROM execve(argv=[\"auditpol.exe\", \"/get\", \"/category:*\", \"/r\"])"
       },
       {
        "VQL": "LET Windows_System_AuditPolicy_0_1 = SELECT * FROM foreach(row=output, query={ SELECT * FROM parse_csv(filename=Stdout, accessor=\"data\") })"
       },
       {
        "Name": "$6a2b86e313ffaaa19ab3d42aac71aaa152e337e68f1954c8416bcae25994bcd5",
        "VQL": "SELECT * FROM if(then=Windows_System_AuditPolicy_0_1, condition=precondition_Windows_System_AuditPolicy_0, else={ SELECT * FROM scope() WHERE log(message='Query skipped due to precondition')  AND FALSE })"
       }
      ],
      "max_row": 1000
     },
     {
      "query_id": 7,
      "total_queries": 10,
      "precondition": "SELECT OS From info() where OS = 'windows'",
      "env": [
       {
        "key": "Target",
        "value": "\\\\.\\PhysicalDrive0"
       },
       {
        "key": "TargetAllPhysical"
       },
       {
        "key": "TargetVSS"
       },
       {
        "key": "CarveEvtx"
       },
       {
        "key": "FindRegex"
       },
       {
        "key": "FreeCommand"
       },
       {
        "key": "Tool_Bulk_Extractor_Binary_HASH",
        "value": "1eade5c20c693cf537e9b0e89ecdcb958e573c4ad45c72b25234041461ca53e0"
       },
       {
        "key": "Tool_Bulk_Extractor_Binary_FILENAME",
        "value": "bulk_extractor.exe"
       },
       {
        "key": "Tool_Bulk_Extractor_Binary_URL",
        "value": "https://localhost:9999/public/9cc51da57341c1a4d3573470608e15d1844aadc0f9fe074722d11810f422a7f9"
       }
      ],
      "Query": [
       {
        "VQL": "LET TargetAllPhysical \u003c= get(field='TargetAllPhysical') = TRUE OR get(field='TargetAllPhysical') =~ '^(Y|TRUE|YES|OK)$'"
       },
       {
        "VQL": "LET TargetVSS \u003c= get(field='TargetVSS') = TRUE OR get(field='TargetVSS') =~ '^(Y|TRUE|YES|OK)$'"
       },
       {
        "VQL": "LET CarveEvtx \u003c= get(field='CarveEvtx') = TRUE OR get(field='CarveEvtx') =~ '^(Y|TRUE|YES|OK)$'"
       },
       {
        "VQL": "LET precondition_Windows_Forensics_BulkExtractor_0 = SELECT OS FROM info() WHERE OS = 'windows'"
       },
       {
        "VQL": "LET bin \u003c= SELECT * FROM Artifact.Generic.Utils.FetchBinary(ToolName=\"Bulk_Extractor_Binary\")"
       },
       {
        "VQL": "LET tempfolder \u003c= tempdir()"
       },
       {
        "VQL": "LET ExePath \u003c= tempfile(extension=\".exe\")"
       },
       {
        "VQL": "LET target = SELECT DeviceID, if(condition=DeviceID =~ \"^\\\\\\\\\\\\\\\\.\\\\\\\\\", then=split(string=split(string=DeviceID, sep='\\\\\\\\\\\\\\\\.\\\\\\\\')[1], sep='\\\\\\\\')[0], else=\"bulk_out\") AS base, _DeviceID FROM chain(a={ SELECT DeviceID, upcase(string=DeviceID) AS _DeviceID FROM Artifact.Windows.Sys.DiskInfo() WHERE TargetAllPhysical }, b={ SELECT Target AS DeviceID, upcase(string=Target) AS _DeviceID FROM scope() WHERE Target =~ '.' }, c={ SELECT regex_replace(source=OSPath, re=\"GLOBALROOT\\\\\\\\Device\\\\\\\\\", replace=\"\") AS DeviceID, Data.ID AS ShadowCopyID, upcase(string=regex_replace(source=OSPath, re=\"GLOBALROOT\\\\\\\\Device\\\\\\\\\", replace=\"\")) AS _DeviceID FROM glob(globs='/*', accessor='ntfs') WHERE ShadowCopyID  AND TargetVSS ORDER BY OSPath }) GROUP BY _DeviceID"
       },
       {
        "VQL": "LET cmdline = SELECT (bin[0].OSPath, '-q', '99999999999', '-R') + CMD + '-o' AS CMD FROM switch(a={ SELECT commandline_split(command=FreeCommand) AS CMD FROM scope() WHERE FreeCommand }, b={ SELECT ('-E', 'evtx', '-e', 'find', '-f', FindRegex) AS CMD FROM scope() WHERE CarveEvtx  AND FindRegex }, c={ SELECT ('-E', 'evtx') AS CMD FROM scope() WHERE CarveEvtx }, d={ SELECT ('-E', 'find', '-f', FindRegex) AS CMD FROM scope() WHERE FindRegex }, e={ SELECT ('-h') AS CMD FROM scope() })"
       },
       {
        "VQL": "LET Windows_Forensics_BulkExtractor_0_5 = SELECT * FROM foreach(row=target, query={ SELECT * FROM execve(argv=cmdline[0].CMD + (tempfolder + '\\\\' + regex_replace(source=base, re='[^a-zA-Z]', replace='_'), DeviceID), length=10000000, sep='\\n') })"
       },
       {
        "Name": "$5291e2f41688fdcc483c1f1ba297a2037f43251b30b2f0c56b21b7ec81c1234d",
        "VQL": "SELECT * FROM if(then=Windows_Forensics_BulkExtractor_0_5, condition=precondition_Windows_Forensics_BulkExtractor_0, else={ SELECT * FROM scope() WHERE log(message='Query skipped due to precondition')  AND FALSE })"
       },
       {
        "VQL": "LET precondition_Windows_Forensics_BulkExtractor_FindResults_1 = SELECT OS FROM info() WHERE OS = 'windows'"
       },
       {
        "VQL": "LET Windows_Forensics_BulkExtractor_FindResults_1_0 = SELECT * FROM foreach(row={ SELECT * FROM glob(globs='/*/find.txt', root=tempfolder) }, query={ SELECT * FROM split_records(filenames=OSPath, first_row_is_headers=false, columns=['Location', 'Match', 'Data'], regex='\\t') WHERE NOT Location =~ '#' }) WHERE FindRegex OR FreeCommand =~ '-f'"
       },
       {
        "Name": "$5291e2f41688fdcc483c1f1ba297a2033fffb507d07dde9e1a80676f73fd3d66783f8d2f140367e6ec6c4e7705c5d072",
        "VQL": "SELECT * FROM if(then=Windows_Forensics_BulkExtractor_FindResults_1_0, condition=precondition_Windows_Forensics_BulkExtractor_FindResults_1, else={ SELECT * FROM scope() WHERE log(message='Query skipped due to precondition')  AND FALSE })"
       },
       {
        "VQL": "LET precondition_Windows_Forensics_BulkExtractor_Upload_2 = SELECT OS FROM info() WHERE OS = 'windows'"
       },
       {
        "VQL": "LET Windows_Forensics_BulkExtractor_Upload_2_0 = SELECT upload(file=OSPath, name=strip(string=OSPath, prefix=tempfolder)) AS Upload FROM glob(globs=\"/**\", root=tempfolder) WHERE Upload"
       },
       {
        "Name": "$5291e2f41688fdcc483c1f1ba297a2033fffb507d07dde9e1a80676f73fd3d66d0a24d1fa65af0635d09421bfb3870b5",
        "VQL": "SELECT * FROM if(then=Windows_Forensics_BulkExtractor_Upload_2_0, condition=precondition_Windows_Forensics_BulkExtractor_Upload_2, else={ SELECT * FROM scope() WHERE log(message='Query skipped due to precondition')  AND FALSE })"
       }
      ],
      "max_row": 1000,
      "artifacts": [
       {
        "name": "Generic.Utils.FetchBinary",
        "parameters": [
         {
          "name": "ToolName",
          "default": "Autorun_amd64"
         },
         {
          "name": "IsExecutable",
          "default": "Y",
          "type": "bool"
         },
         {
          "name": "SleepDuration",
          "default": "20",
          "type": "int"
         },
         {
          "name": "ToolInfo",
          "type": "hidden"
         },
         {
          "name": "TemporaryOnly",
          "type": "bool"
         },
         {
          "name": "Version"
         }
        ],
        "type": "client",
        "sources": [
         {
          "queries": [
           "LET info_cache \u003c= SELECT * FROM info()",
           "LET inventory_item = SELECT inventory_get(tool=ToolName, version=Version) AS Item FROM scope()",
           "LET args \u003c= SELECT * FROM switch(a={ SELECT get(field=\"Tool_\" + ToolName + \"_HASH\", item=ToolInfo) AS ToolHash, get(field=\"Tool_\" + ToolName + \"_FILENAME\", item=ToolInfo) AS ToolFilename, get(field=\"Tool_\" + ToolName + \"_URL\", item=ToolInfo) AS ToolURL, get(field=\"Tool_\" + ToolName + \"_PATH\", item=ToolInfo) AS ToolPath FROM scope() WHERE ToolFilename }, b={ SELECT get(field=\"Tool_\" + ToolName + \"_HASH\", item=scope()) AS ToolHash, get(field=\"Tool_\" + ToolName + \"_FILENAME\", item=scope()) AS ToolFilename, get(field=\"Tool_\" + ToolName + \"_URL\", item=scope()) AS ToolURL, get(field=\"Tool_\" + ToolName + \"_PATH\", item=ToolInfo) AS ToolPath FROM scope() WHERE ToolFilename }, c={ SELECT get(field=\"Tool_\" + ToolName + \"_HASH\", item=(inventory_item[0]).Item) AS ToolHash, get(field=\"Tool_\" + ToolName + \"_FILENAME\", item=(inventory_item[0]).Item) AS ToolFilename, get(field=\"Tool_\" + ToolName + \"_URL\", item=(inventory_item[0]).Item) AS ToolURL FROM scope() WHERE ToolFilename })",
           "LET binpath \u003c= SELECT Path FROM switch(a={ SELECT tempdir(remove_last=TRUE) AS Path FROM scope() WHERE TemporaryOnly }, b={ SELECT dirname(path=tempfile()) AS Path FROM scope() WHERE Path }, c={ SELECT \"/tmp\" AS Path FROM info_cache WHERE OS = \"linux\" })",
           "LET ToolPath \u003c= SELECT path_join(components=[(binpath[0]).Path, (args[0]).ToolFilename]) AS Path FROM scope()",
           "LET local_file = SELECT hash(path=(args[0]).ToolPath) AS Hash, (args[0]).ToolFilename AS Name, \"Downloaded\" AS DownloadStatus, (args[0]).ToolPath AS OSPath FROM scope() WHERE (args[0]).ToolPath  AND log(message=\"File served from \" + (args[0]).ToolPath)",
           "LET download = SELECT * FROM if(condition=log(message=\"URL for \" + (args[0]).ToolFilename + \" is at \" + (args[0]).ToolURL + \" and has hash of \" + (args[0]).ToolHash)  AND binpath  AND (args[0]).ToolHash  AND (args[0]).ToolURL, then={ SELECT hash(path=Content) AS Hash, (args[0]).ToolFilename AS Name, \"Downloaded\" AS DownloadStatus, copy(filename=Content, dest=(ToolPath[0]).Path, permissions=if(condition=IsExecutable, then=\"x\")) AS OSPath FROM http_client(url=(args[0]).ToolURL, tempfile_extension=\".exe\") WHERE log(message=format(format=\"downloaded hash of %v: %v, expected %v\", args=[Content, Hash.SHA256, (args[0]).ToolHash]))  AND Hash.SHA256 = (args[0]).ToolHash }, else={ SELECT * FROM scope() WHERE NOT log(message=\"No valid setup - is tool \" + ToolName + \" configured in the server inventory?\") })",
           "LET existing = SELECT OSPath, hash(path=OSPath) AS Hash, Name, \"Cached\" AS DownloadStatus FROM stat(filename=(ToolPath[0]).Path) WHERE log(message=format(format=\"Local hash of %v: %v, expected %v\", args=[OSPath, Hash.SHA256, (args[0]).ToolHash]))  AND Hash.SHA256 = (args[0]).ToolHash",
           "SELECT *, OSPath AS FullPath FROM switch(a=local_file, b=existing, c={ SELECT rand(range=SleepDuration) AS timeout FROM scope() WHERE args  AND (args[0]).ToolURL  AND log(message=format(format='Sleeping %v Seconds', args=[timeout]))  AND sleep(time=timeout)  AND FALSE }, d=download)"
          ]
         }
        ]
       },
       {
        "name": "Windows.Sys.DiskInfo",
        "type": "client",
        "sources": [
         {
          "precondition": "SELECT OS FROM info() WHERE OS = 'windows'",
          "queries": [
           "SELECT Partitions, Index AS DiskIndex, InterfaceType AS Type, PNPDeviceID, DeviceID, Size, Manufacturer, Model, Name, SerialNumber, Description FROM wmi(query=\"SELECT * from Win32_DiskDrive\", namespace=\"ROOT\\\\CIMV2\")"
          ]
         }
        ]
       }
      ]
     },
     {
      "query_id": 8,
      "total_queries": 10,
      "env": [
       {
        "key": "SymantecEventLog",
        "value": "C:\\Windows\\system32\\winevt\\logs\\Symantec Endpoint Protection Client.evtx"
       },
       {
        "key": "RegexEventIds",
        "value": "^51$"
       },
       {
        "key": "TargetRegex",
        "value": "Infostealer|Hacktool|Mimi|SecurityRisk|WinCredEd|NetCat|Backdoor|Pwdump|SuperScan|XScan|PasswordRevealer|Trojan|Malscript|Agent|Malware|Exploit|webshell|cobalt|Mpreter|sploit|Meterpreter|RAR|7z|encrypted|tsclient|PerfLogs"
       },
       {
        "key": "IgnoreRegex"
       },
       {
        "key": "DateAfter"
       },
       {
        "key": "DateBefore"
       }
      ],
      "Query": [
       {
        "VQL": "LET DateAfter \u003c= timestamp(epoch=DateAfter)"
       },
       {
        "VQL": "LET DateBefore \u003c= timestamp(epoch=DateBefore)"
       },
       {
        "VQL": "LET DateAfterTime \u003c= if(condition=DateAfter, then=timestamp(epoch=DateAfter), else=timestamp(epoch=\"1600-01-01\"))"
       },
       {
        "VQL": "LET DateBeforeTime \u003c= if(condition=DateBefore, then=timestamp(epoch=DateBefore), else=timestamp(epoch=\"2200-01-01\"))"
       },
       {
        "VQL": "LET Windows_EventLogs_Symantec_0_2 = SELECT timestamp(epoch=System.TimeCreated.SystemTime) AS EventTime, System.EventID.Value AS EventId, System.Computer AS Computer, EventData.Data[0] AS EventData FROM parse_evtx(filename=SymantecEventLog) WHERE EventTime \u003c DateBeforeTime  AND EventTime \u003e DateAfterTime  AND format(format=\"%v\", args=System.EventID.Value) =~ RegexEventIds  AND EventData =~ TargetRegex  AND if(condition=IgnoreRegex, then=NOT EventData =~ IgnoreRegex, else=True)"
       },
       {
        "Name": "$a5c9a52b21452c849e82a5242efecff9967df239485b284f32d650bb382937b1",
        "VQL": "SELECT * FROM Windows_EventLogs_Symantec_0_2"
       }
      ],
      "max_row": 1000
     },
     {
      "query_id": 9,
      "total_queries": 10,
      "env": [
       {
        "key": "EvtxGlob",
        "value": "%SystemRoot%\\System32\\winevt\\logs\\Microsoft-Windows-PowerShell%4Operational.evtx"
       },
       {
        "key": "DateAfter"
       },
       {
        "key": "DateBefore"
       },
       {
        "key": "SearchStrings"
       },
       {
        "key": "StringWhitelist"
       },
       {
        "key": "PathWhitelist"
       },
       {
        "key": "LogLevel",
        "value": "Warning"
       },
       {
        "key": "LogLevelMap",
        "value": "Choice,Regex\nAll,\".\"\nWarning,\"3\"\nVerbose,\"5\"\n"
       },
       {
        "key": "VSSAnalysisAge",
        "value": "0"
       }
      ],
      "Query": [
       {
        "VQL": "LET DateAfter \u003c= timestamp(epoch=DateAfter)"
       },
       {
        "VQL": "LET DateBefore \u003c= timestamp(epoch=DateBefore)"
       },
       {
        "VQL": "LET VSSAnalysisAge \u003c= int(int=VSSAnalysisAge)"
       },
       {
        "VQL": "LET VSS_MAX_AGE_DAYS \u003c= VSSAnalysisAge"
       },
       {
        "VQL": "LET Accessor = if(condition=VSSAnalysisAge \u003e 0, then=\"ntfs_vss\", else=\"auto\")"
       },
       {
        "VQL": "LET DateAfterTime \u003c= if(condition=DateAfter, then=timestamp(epoch=DateAfter), else=timestamp(epoch=\"1600-01-01\"))"
       },
       {
        "VQL": "LET DateBeforeTime \u003c= if(condition=DateBefore, then=timestamp(epoch=DateBefore), else=timestamp(epoch=\"2200-01-01\"))"
       },
       {
        "VQL": "LET LogLevelRegex \u003c= SELECT format(format=\"%v\", args=Regex) AS value FROM parse_csv(filename=LogLevelMap, accessor=\"data\") WHERE Choice = LogLevel LIMIT 1 "
       },
       {
        "VQL": "LET fspaths = SELECT OSPath FROM glob(globs=expand(path=EvtxGlob), accessor=Accessor)"
       },
       {
        "VQL": "LET evtxsearch(PathList) = SELECT * FROM foreach(row=PathList, query={ SELECT timestamp(epoch=int(int=System.TimeCreated.SystemTime)) AS EventTime, System.Computer AS Computer, System.Channel AS Channel, System.EventID.Value AS EventID, System.Security.UserID AS SecurityID, EventData.Path AS Path, EventData.ScriptBlockId AS ScriptBlockId, EventData.ScriptBlockText AS ScriptBlockText, get(field=\"Message\") AS Message, System.EventRecordID AS EventRecordID, System.Level AS Level, System.Opcode AS Opcode, System.Task AS Task, OSPath FROM parse_evtx(filename=OSPath, accessor=Accessor) WHERE System.EventID.Value = 4104  AND EventTime \u003c DateBeforeTime  AND EventTime \u003e DateAfterTime  AND format(format=\"%d\", args=System.Level) =~ LogLevelRegex.value[0]  AND if(condition=SearchStrings, then=ScriptBlockText =~ SearchStrings, else=TRUE)  AND if(condition=StringWhitelist, then=NOT ScriptBlockText =~ StringWhitelist, else=TRUE)  AND if(condition=PathWhitelist, then=NOT Path =~ PathWhitelist, else=TRUE) })"
       },
       {
        "VQL": "LET Windows_EventLogs_PowershellScriptblock_0_7 = SELECT * FROM evtxsearch(PathList=fspaths) GROUP BY EventRecordID, Channel"
       },
       {
        "Name": "$a5c9a52b21452c849e82a5242efecff9e974d5748a6eb6fe273994ccbb2d1a0b8c3dc9cd20076e52169a099b32b97100",
        "VQL": "SELECT * FROM Windows_EventLogs_PowershellScriptblock_0_7"
       }
      ],
      "max_row": 1000
     },
     {
      "query_id": 10,
      "total_queries": 10,
      "precondition": "SELECT OS From info() where OS = 'windows'",
      "env": [
       {
        "key": "EvtxGlob",
        "value": "%SystemRoot%\\System32\\Winevt\\Logs\\Security.evtx"
       },
       {
        "key": "UsernameRegex",
        "value": "."
       },
       {
        "key": "UsernameWhitelist",
        "value": "\\\\$$"
       },
       {
        "key": "ServerRegex",
        "value": "."
       },
       {
        "key": "ServerWhitelist",
        "value": "localhost"
       },
       {
        "key": "ProcessNameRegex",
        "value": "."
       },
       {
        "key": "ProcessNameWhitelist"
       },
       {
        "key": "VSSAnalysisAge",
        "value": "0"
       },
       {
        "key": "DateAfter"
       },
       {
        "key": "DateBefore"
       }
      ],
      "Query": [
       {
        "VQL": "LET VSSAnalysisAge \u003c= int(int=VSSAnalysisAge)"
       },
       {
        "VQL": "LET DateAfter \u003c= timestamp(epoch=DateAfter)"
       },
       {
        "VQL": "LET DateBefore \u003c= timestamp(epoch=DateBefore)"
       },
       {
        "VQL": "LET precondition_Windows_EventLogs_ExplicitLogon_0 = SELECT OS FROM info() WHERE OS = 'windows'"
       },
       {
        "VQL": "LET VSS_MAX_AGE_DAYS \u003c= VSSAnalysisAge"
       },
       {
        "VQL": "LET Accessor = if(condition=VSSAnalysisAge \u003e 0, then=\"ntfs_vss\", else=\"auto\")"
       },
       {
        "VQL": "LET DateAfterTime \u003c= if(condition=DateAfter, then=timestamp(epoch=DateAfter), else=timestamp(epoch=\"1600-01-01\"))"
       },
       {
        "VQL": "LET DateBeforeTime \u003c= if(condition=DateBefore, then=timestamp(epoch=DateBefore), else=timestamp(epoch=\"2200-01-01\"))"
       },
       {
        "VQL": "LET fspaths = SELECT OSPath FROM glob(globs=expand(path=EvtxGlob), accessor=Accessor)"
       },
       {
        "VQL": "LET evtxsearch(PathList) = SELECT * FROM foreach(row=PathList, query={ SELECT timestamp(epoch=int(int=System.TimeCreated.SystemTime)) AS EventTime, System.Computer AS Computer, System.EventID.Value AS EventID, System.EventRecordID AS EventRecordID, EventData.SubjectUserName AS SubjectUserName, EventData.SubjectDomainName AS SubjectDomainName, EventData.TargetUserName AS TargetUserName, EventData.TargetDomainName AS TargetDomainName, EventData.TargetServerName AS TargetServerName, EventData.ProcessName AS ProcessName, EventData, Message, OSPath FROM parse_evtx(filename=OSPath, accessor=Accessor) WHERE EventID = 4648  AND EventTime \u003c DateBeforeTime  AND EventTime \u003e DateAfterTime  AND TargetUserName =~ UsernameRegex  AND NOT if(condition=UsernameWhitelist, then=TargetUserName =~ UsernameWhitelist, else=FALSE)  AND TargetServerName =~ ServerRegex  AND NOT if(condition=ServerWhitelist, then=TargetServerName =~ ServerWhitelist, else=FALSE)  AND ProcessName =~ ProcessNameRegex  AND NOT if(condition=ProcessNameWhitelist, then=ProcessName =~ ProcessNameWhitelist, else=FALSE) })"
       },
       {
        "VQL": "LET Windows_EventLogs_ExplicitLogon_0_6 = SELECT * FROM evtxsearch(PathList=fspaths) GROUP BY EventRecordID, Channel"
       },
       {
        "Name": "$a5c9a52b21452c849e82a5242efecff9f4944cfd43237220ebc7eeb26fa64ac2",
        "VQL": "SELECT * FROM if(then=Windows_EventLogs_ExplicitLogon_0_6, condition=precondition_Windows_EventLogs_ExplicitLogon_0, else={ SELECT * FROM scope() WHERE log(message='Query skipped due to precondition')  AND FALSE })"
       }
      ],
      "max_row": 1000
     }
    ],
    "log_batch_time": 2000
   }
  }
 ]
}