{
 "context": {
  "client_id": "C.e9cff9a5fc12756d",
  "session_id": "F.D213M4NO27KUS.H",
  "request": {
   "creator": "Thabiso",
   "client_id": "C.e9cff9a5fc12756d",
   "flow_id": "F.D213M4NO27KUS.H",
   "artifacts": [
    "Windows.System.TaskScheduler"
   ],
   "specs": [
    {
     "artifact": "Windows.System.TaskScheduler",
     "parameters": {}
    }
   ],
   "compiled_collector_args": [
    {
     "query_id": 1,
     "total_queries": 1,
     "env": [
      {
       "key": "TasksPath",
       "value": "c:/Windows/System32/Tasks/**"
      },
      {
       "key": "AlsoUpload"
      }
     ],
     "Query": [
      {
       "VQL": "LET AlsoUpload \u003c= get(field='AlsoUpload') = TRUE OR get(field='AlsoUpload') =~ '^(Y|TRUE|YES|OK)$'"
      },
      {
       "VQL": "LET Uploads = SELECT Name, OSPath, if(condition=AlsoUpload = 'Y', then=upload(file=OSPath)) AS Upload FROM glob(globs=TasksPath) WHERE NOT IsDir"
      },
      {
       "VQL": "LET parse_task = SELECT OSPath, parse_xml(accessor='data', file=regex_replace(source=utf16(string=Data), re='\u003c[?].+?\u003e', replace='')) AS XML FROM read_file(filenames=OSPath)"
      },
      {
       "VQL": "LET Windows_System_TaskScheduler_Analysis_0_2 = SELECT OSPath, XML.Task.Actions.Exec.Command AS Command, XML.Task.Actions.Exec.Arguments AS Arguments, XML.Task.Actions.ComHandler.ClassId AS ComHandler, XML.Task.Principals.Principal.UserId AS UserId, XML AS _XML FROM foreach(row=Uploads, query=parse_task)"
      },
      {
       "Name": "$9f45f5fbdeded35431a1a52e0c67babf117fcc87fae86cc152c6f915a366ec02ccd4471076198a868adfc356d5056caf",
       "VQL": "SELECT * FROM Windows_System_TaskScheduler_Analysis_0_2"
      }
     ],
     "max_row": 1000
    }
   ]
  },
  "create_time": 1753365274844824,
  "start_time": 1753365252175408,
  "active_time": 1753365255658011,
  "total_collected_rows": 211,
  "total_logs": 4,
  "total_requests": 1,
  "execution_duration": 3482603000,
  "state": 2,
  "artifacts_with_results": [
   "Windows.System.TaskScheduler/Analysis"
  ],
  "query_stats": [
   {
    "duration": 3482603000,
    "last_active": 1753365255658011,
    "first_active": 1753365252175408,
    "names_with_response": [
     "Windows.System.TaskScheduler/Analysis"
    ],
    "log_rows": 4,
    "result_rows": 211
   }
  ]
 },
 "available_downloads": {
  "files": [
   {
    "name": "DESKTOP-VKU268G-C.e9cff9a5fc12756d-F.D213M4NO27KUS.H",
    "path": "downloads/C.e9cff9a5fc12756d/F.D213M4NO27KUS.H/DESKTOP-VKU268G-C.e9cff9a5fc12756d-F.D213M4NO27KUS.H.zip",
    "type": "zip",
    "stats": {
     "timestamp": 1753377038,
     "components": [
      "downloads",
      "C.e9cff9a5fc12756d",
      "F.D213M4NO27KUS.H",
      "DESKTOP-VKU268G-C.e9cff9a5fc12756d-F.D213M4NO27KUS.H.zip"
     ],
     "type": "zip"
    }
   }
  ]
 }
}