client_time,level,message
1753365252,"""INFO""","""Starting query execution for Windows.System.TaskScheduler/Analysis.\n"""
1753365255,"""DEFAULT""","""Windows.System.TaskScheduler/Analysis: Time 3: Windows.System.TaskScheduler/Analysis: Sending response part 0 261 kB (211 rows)."""
1753365255,"""INFO""","""Collection Windows.System.TaskScheduler/Analysis is done after 3.4350241s\n"""
1753365255,"""DEBUG""","""Query Stats: {\""RowsScanned\"":966,\""PluginsCalled\"":213,\""FunctionsCalled\"":846,\""ProtocolSearch\"":28769,\""ScopeCopy\"":2690}\n"""
