{
 "items": [
  {
   "session_id": "F.D213M4NO27KUS.H",
   "request_id": 1,
   "FlowRequest": {
    "VQLClientActions": [
     {
      "query_id": 1,
      "total_queries": 1,
      "env": [
       {
        "key": "TasksPath",
        "value": "c:/Windows/System32/Tasks/**"
       },
       {
        "key": "AlsoUpload"
       }
      ],
      "Query": [
       {
        "VQL": "LET AlsoUpload \u003c= get(field='AlsoUpload') = TRUE OR get(field='AlsoUpload') =~ '^(Y|TRUE|YES|OK)$'"
       },
       {
        "VQL": "LET Uploads = SELECT Name, OSPath, if(condition=AlsoUpload = 'Y', then=upload(file=OSPath)) AS Upload FROM glob(globs=TasksPath) WHERE NOT IsDir"
       },
       {
        "VQL": "LET parse_task = SELECT OSPath, parse_xml(accessor='data', file=regex_replace(source=utf16(string=Data), re='\u003c[?].+?\u003e', replace='')) AS XML FROM read_file(filenames=OSPath)"
       },
       {
        "VQL": "LET Windows_System_TaskScheduler_Analysis_0_2 = SELECT OSPath, XML.Task.Actions.Exec.Command AS Command, XML.Task.Actions.Exec.Arguments AS Arguments, XML.Task.Actions.ComHandler.ClassId AS ComHandler, XML.Task.Principals.Principal.UserId AS UserId, XML AS _XML FROM foreach(row=Uploads, query=parse_task)"
       },
       {
        "Name": "$9f45f5fbdeded35431a1a52e0c67babf117fcc87fae86cc152c6f915a366ec02ccd4471076198a868adfc356d5056caf",
        "VQL": "SELECT * FROM Windows_System_TaskScheduler_Analysis_0_2"
       }
      ],
      "max_row": 1000
     }
    ],
    "log_batch_time": 2000
   }
  }
 ]
}