{"IpAddress":"-","Port":"-","ProcessName":"C:\\Windows\\System32\\winlogon.exe","SubjectUserSid":"S-1-5-18","SubjectUserName":"MINWINPC$","TargetUserName":"UMFD-1","TargetServerName":"localhost","LogonTime":1752836205.7509167}
{"IpAddress":"-","Port":"-","ProcessName":"C:\\Windows\\System32\\wininit.exe","SubjectUserSid":"S-1-5-18","SubjectUserName":"MINWINPC$","TargetUserName":"UMFD-0","TargetServerName":"localhost","LogonTime":1752836205.7597775}
{"IpAddress":"-","Port":"-","ProcessName":"C:\\Windows\\System32\\winlogon.exe","SubjectUserSid":"S-1-5-18","SubjectUserName":"MINWINPC$","TargetUserName":"DWM-1","TargetServerName":"localhost","LogonTime":1752836209.8216224}
{"IpAddress":"-","Port":"-","ProcessName":"C:\\Windows\\System32\\winlogon.exe","SubjectUserSid":"S-1-5-18","SubjectUserName":"WIN-VPENMTHSAE2$","TargetUserName":"UMFD-1","TargetServerName":"localhost","LogonTime":1752836480.7636623}
{"IpAddress":"-","Port":"-","ProcessName":"C:\\Windows\\System32\\wininit.exe","SubjectUserSid":"S-1-5-18","SubjectUserName":"WIN-VPENMTHSAE2$","TargetUserName":"UMFD-0","TargetServerName":"localhost","LogonTime":1752836480.7639585}
{"IpAddress":"-","Port":"-","ProcessName":"C:\\Windows\\System32\\winlogon.exe","SubjectUserSid":"S-1-5-18","SubjectUserName":"WIN-VPENMTHSAE2$","TargetUserName":"DWM-1","TargetServerName":"localhost","LogonTime":1752836482.4207184}
{"IpAddress":"-","Port":"-","ProcessName":"C:\\Windows\\System32\\oobe\\msoobe.exe","SubjectUserSid":"S-1-5-18","SubjectUserName":"WIN-VPENMTHSAE2$","TargetUserName":"defaultuser0","TargetServerName":"localhost","LogonTime":1752836495.8072608}
{"IpAddress":"127.0.0.1","Port":"0","ProcessName":"C:\\Windows\\System32\\svchost.exe","SubjectUserSid":"S-1-5-18","SubjectUserName":"WIN-VPENMTHSAE2$","TargetUserName":"defaultuser0","TargetServerName":"localhost","LogonTime":1752804142.4758704}
{"IpAddress":"-","Port":"-","ProcessName":"C:\\Windows\\System32\\CloudExperienceHostBroker.exe","SubjectUserSid":"S-1-5-21-4230326970-601550557-733139758-1000","SubjectUserName":"defaultuser0","TargetUserName":"TMAN","TargetServerName":"localhost","LogonTime":1752805265.2391584}
{"IpAddress":"-","Port":"-","ProcessName":"C:\\Windows\\System32\\winlogon.exe","SubjectUserSid":"S-1-5-18","SubjectUserName":"WIN-VPENMTHSAE2$","TargetUserName":"UMFD-2","TargetServerName":"localhost","LogonTime":1752805350.2892976}
{"IpAddress":"-","Port":"-","ProcessName":"C:\\Windows\\System32\\winlogon.exe","SubjectUserSid":"S-1-5-18","SubjectUserName":"WIN-VPENMTHSAE2$","TargetUserName":"DWM-2","TargetServerName":"localhost","LogonTime":1752805350.3384447}
{"IpAddress":"127.0.0.1","Port":"0","ProcessName":"C:\\Windows\\System32\\svchost.exe","SubjectUserSid":"S-1-5-18","SubjectUserName":"WIN-VPENMTHSAE2$","TargetUserName":"TMAN","TargetServerName":"localhost","LogonTime":1752805350.9612288}
{"IpAddress":"-","Port":"-","ProcessName":"C:\\Windows\\System32\\winlogon.exe","SubjectUserSid":"S-1-5-18","SubjectUserName":"DESKTOP-VKU268G$","TargetUserName":"UMFD-1","TargetServerName":"localhost","LogonTime":1752907716.9844592}
{"IpAddress":"-","Port":"-","ProcessName":"C:\\Windows\\System32\\wininit.exe","SubjectUserSid":"S-1-5-18","SubjectUserName":"DESKTOP-VKU268G$","TargetUserName":"UMFD-0","TargetServerName":"localhost","LogonTime":1752907716.9856112}
{"IpAddress":"-","Port":"-","ProcessName":"C:\\Windows\\System32\\winlogon.exe","SubjectUserSid":"S-1-5-18","SubjectUserName":"DESKTOP-VKU268G$","TargetUserName":"DWM-1","TargetServerName":"localhost","LogonTime":1752907717.9169953}
{"IpAddress":"127.0.0.1","Port":"0","ProcessName":"C:\\Windows\\System32\\svchost.exe","SubjectUserSid":"S-1-5-18","SubjectUserName":"DESKTOP-VKU268G$","TargetUserName":"TMAN","TargetServerName":"localhost","LogonTime":1752907757.4490736}
{"IpAddress":"-","Port":"-","ProcessName":"C:\\Windows\\System32\\winlogon.exe","SubjectUserSid":"S-1-5-18","SubjectUserName":"DESKTOP-VKU268G$","TargetUserName":"UMFD-1","TargetServerName":"localhost","LogonTime":1752909044.9559488}
{"IpAddress":"-","Port":"-","ProcessName":"C:\\Windows\\System32\\wininit.exe","SubjectUserSid":"S-1-5-18","SubjectUserName":"DESKTOP-VKU268G$","TargetUserName":"UMFD-0","TargetServerName":"localhost","LogonTime":1752909045.053491}
{"IpAddress":"-","Port":"-","ProcessName":"C:\\Windows\\System32\\winlogon.exe","SubjectUserSid":"S-1-5-18","SubjectUserName":"DESKTOP-VKU268G$","TargetUserName":"DWM-1","TargetServerName":"localhost","LogonTime":1752909046.6170416}
{"IpAddress":"127.0.0.1","Port":"0","ProcessName":"C:\\Windows\\System32\\svchost.exe","SubjectUserSid":"S-1-5-18","SubjectUserName":"DESKTOP-VKU268G$","TargetUserName":"TMAN","TargetServerName":"localhost","LogonTime":1752909119.647997}
{"IpAddress":"-","Port":"-","ProcessName":"C:\\Windows\\System32\\winlogon.exe","SubjectUserSid":"S-1-5-18","SubjectUserName":"DESKTOP-VKU268G$","TargetUserName":"UMFD-1","TargetServerName":"localhost","LogonTime":1752909853.7273712}
{"IpAddress":"-","Port":"-","ProcessName":"C:\\Windows\\System32\\wininit.exe","SubjectUserSid":"S-1-5-18","SubjectUserName":"DESKTOP-VKU268G$","TargetUserName":"UMFD-0","TargetServerName":"localhost","LogonTime":1752909853.7347105}
{"IpAddress":"-","Port":"-","ProcessName":"C:\\Windows\\System32\\winlogon.exe","SubjectUserSid":"S-1-5-18","SubjectUserName":"DESKTOP-VKU268G$","TargetUserName":"DWM-1","TargetServerName":"localhost","LogonTime":1752909854.529136}
{"IpAddress":"127.0.0.1","Port":"0","ProcessName":"C:\\Windows\\System32\\svchost.exe","SubjectUserSid":"S-1-5-18","SubjectUserName":"DESKTOP-VKU268G$","TargetUserName":"TMAN","TargetServerName":"localhost","LogonTime":1752909871.0217776}
{"IpAddress":"192.168.0.180","Port":"445","ProcessName":"","SubjectUserSid":"S-1-5-21-4230326970-601550557-733139758-1001","SubjectUserName":"TMAN","TargetUserName":"LAPTOPONE","TargetServerName":"WIN-BP32UODHG7O","LogonTime":1752911690.2823665}
{"IpAddress":"-","Port":"-","ProcessName":"C:\\Windows\\System32\\services.exe","SubjectUserSid":"S-1-5-18","SubjectUserName":"DESKTOP-VKU268G$","TargetUserName":"SplunkForwarder","TargetServerName":"localhost","LogonTime":1752912320.2871728}
{"IpAddress":"-","Port":"-","ProcessName":"C:\\Windows\\System32\\services.exe","SubjectUserSid":"S-1-5-18","SubjectUserName":"DESKTOP-VKU268G$","TargetUserName":"SplunkForwarder","TargetServerName":"localhost","LogonTime":1752913003.564872}
{"IpAddress":"-","Port":"-","ProcessName":"C:\\Windows\\System32\\services.exe","SubjectUserSid":"S-1-5-18","SubjectUserName":"DESKTOP-VKU268G$","TargetUserName":"SplunkForwarder","TargetServerName":"localhost","LogonTime":1752881952.4622607}
{"IpAddress":"-","Port":"-","ProcessName":"C:\\Windows\\System32\\winlogon.exe","SubjectUserSid":"S-1-5-18","SubjectUserName":"DESKTOP-VKU268G$","TargetUserName":"UMFD-1","TargetServerName":"localhost","LogonTime":1752932497.527403}
{"IpAddress":"-","Port":"-","ProcessName":"C:\\Windows\\System32\\wininit.exe","SubjectUserSid":"S-1-5-18","SubjectUserName":"DESKTOP-VKU268G$","TargetUserName":"UMFD-0","TargetServerName":"localhost","LogonTime":1752932497.5285327}
{"IpAddress":"-","Port":"-","ProcessName":"C:\\Windows\\System32\\winlogon.exe","SubjectUserSid":"S-1-5-18","SubjectUserName":"DESKTOP-VKU268G$","TargetUserName":"DWM-1","TargetServerName":"localhost","LogonTime":1752932498.4440656}
{"IpAddress":"-","Port":"-","ProcessName":"C:\\Windows\\System32\\services.exe","SubjectUserSid":"S-1-5-18","SubjectUserName":"DESKTOP-VKU268G$","TargetUserName":"SplunkForwarder","TargetServerName":"localhost","LogonTime":1752932506.5790448}
{"IpAddress":"127.0.0.1","Port":"0","ProcessName":"C:\\Windows\\System32\\svchost.exe","SubjectUserSid":"S-1-5-18","SubjectUserName":"DESKTOP-VKU268G$","TargetUserName":"TMAN","TargetServerName":"localhost","LogonTime":1752932555.804536}
{"IpAddress":"-","Port":"-","ProcessName":"C:\\Windows\\System32\\winlogon.exe","SubjectUserSid":"S-1-5-18","SubjectUserName":"DESKTOP-VKU268G$","TargetUserName":"UMFD-1","TargetServerName":"localhost","LogonTime":1752933971.181184}
{"IpAddress":"-","Port":"-","ProcessName":"C:\\Windows\\System32\\wininit.exe","SubjectUserSid":"S-1-5-18","SubjectUserName":"DESKTOP-VKU268G$","TargetUserName":"UMFD-0","TargetServerName":"localhost","LogonTime":1752933971.1837647}
{"IpAddress":"-","Port":"-","ProcessName":"C:\\Windows\\System32\\winlogon.exe","SubjectUserSid":"S-1-5-18","SubjectUserName":"DESKTOP-VKU268G$","TargetUserName":"DWM-1","TargetServerName":"localhost","LogonTime":1752933972.502504}
{"IpAddress":"-","Port":"-","ProcessName":"C:\\Windows\\System32\\services.exe","SubjectUserSid":"S-1-5-18","SubjectUserName":"DESKTOP-VKU268G$","TargetUserName":"SplunkForwarder","TargetServerName":"localhost","LogonTime":1752933990.5547905}
{"IpAddress":"127.0.0.1","Port":"0","ProcessName":"C:\\Windows\\System32\\svchost.exe","SubjectUserSid":"S-1-5-18","SubjectUserName":"DESKTOP-VKU268G$","TargetUserName":"TMAN","TargetServerName":"localhost","LogonTime":1752934114.055195}
{"IpAddress":"-","Port":"-","ProcessName":"C:\\Windows\\System32\\winlogon.exe","SubjectUserSid":"S-1-5-18","SubjectUserName":"DESKTOP-VKU268G$","TargetUserName":"UMFD-1","TargetServerName":"localhost","LogonTime":1752935001.2268193}
{"IpAddress":"-","Port":"-","ProcessName":"C:\\Windows\\System32\\wininit.exe","SubjectUserSid":"S-1-5-18","SubjectUserName":"DESKTOP-VKU268G$","TargetUserName":"UMFD-0","TargetServerName":"localhost","LogonTime":1752935001.2275376}
{"IpAddress":"-","Port":"-","ProcessName":"C:\\Windows\\System32\\winlogon.exe","SubjectUserSid":"S-1-5-18","SubjectUserName":"DESKTOP-VKU268G$","TargetUserName":"DWM-1","TargetServerName":"localhost","LogonTime":1752935001.9803023}
{"IpAddress":"-","Port":"-","ProcessName":"C:\\Windows\\System32\\services.exe","SubjectUserSid":"S-1-5-18","SubjectUserName":"DESKTOP-VKU268G$","TargetUserName":"SplunkForwarder","TargetServerName":"localhost","LogonTime":1752935010.2040625}
{"IpAddress":"127.0.0.1","Port":"0","ProcessName":"C:\\Windows\\System32\\svchost.exe","SubjectUserSid":"S-1-5-18","SubjectUserName":"DESKTOP-VKU268G$","TargetUserName":"TMAN","TargetServerName":"localhost","LogonTime":1752935024.925043}
{"IpAddress":"-","Port":"-","ProcessName":"C:\\Windows\\System32\\winlogon.exe","SubjectUserSid":"S-1-5-18","SubjectUserName":"DESKTOP-VKU268G$","TargetUserName":"UMFD-1","TargetServerName":"localhost","LogonTime":1752936178.865224}
{"IpAddress":"-","Port":"-","ProcessName":"C:\\Windows\\System32\\wininit.exe","SubjectUserSid":"S-1-5-18","SubjectUserName":"DESKTOP-VKU268G$","TargetUserName":"UMFD-0","TargetServerName":"localhost","LogonTime":1752936178.8735456}
{"IpAddress":"-","Port":"-","ProcessName":"C:\\Windows\\System32\\winlogon.exe","SubjectUserSid":"S-1-5-18","SubjectUserName":"DESKTOP-VKU268G$","TargetUserName":"DWM-1","TargetServerName":"localhost","LogonTime":1752936179.5695937}
{"IpAddress":"-","Port":"-","ProcessName":"C:\\Windows\\System32\\services.exe","SubjectUserSid":"S-1-5-18","SubjectUserName":"DESKTOP-VKU268G$","TargetUserName":"SplunkForwarder","TargetServerName":"localhost","LogonTime":1752936188.3777664}
{"IpAddress":"127.0.0.1","Port":"0","ProcessName":"C:\\Windows\\System32\\svchost.exe","SubjectUserSid":"S-1-5-18","SubjectUserName":"DESKTOP-VKU268G$","TargetUserName":"TMAN","TargetServerName":"localhost","LogonTime":1752936689.2300591}
{"IpAddress":"-","Port":"-","ProcessName":"C:\\Windows\\System32\\wininit.exe","SubjectUserSid":"S-1-5-18","SubjectUserName":"DESKTOP-VKU268G$","TargetUserName":"UMFD-0","TargetServerName":"localhost","LogonTime":1752938677.1886992}
{"IpAddress":"-","Port":"-","ProcessName":"C:\\Windows\\System32\\winlogon.exe","SubjectUserSid":"S-1-5-18","SubjectUserName":"DESKTOP-VKU268G$","TargetUserName":"UMFD-1","TargetServerName":"localhost","LogonTime":1752938677.2252767}
{"IpAddress":"-","Port":"-","ProcessName":"C:\\Windows\\System32\\winlogon.exe","SubjectUserSid":"S-1-5-18","SubjectUserName":"DESKTOP-VKU268G$","TargetUserName":"DWM-1","TargetServerName":"localhost","LogonTime":1752938678.10808}
{"IpAddress":"-","Port":"-","ProcessName":"C:\\Windows\\System32\\services.exe","SubjectUserSid":"S-1-5-18","SubjectUserName":"DESKTOP-VKU268G$","TargetUserName":"SplunkForwarder","TargetServerName":"localhost","LogonTime":1752938689.6875503}
{"IpAddress":"127.0.0.1","Port":"0","ProcessName":"C:\\Windows\\System32\\svchost.exe","SubjectUserSid":"S-1-5-18","SubjectUserName":"DESKTOP-VKU268G$","TargetUserName":"TMAN","TargetServerName":"localhost","LogonTime":1752938710.0353136}
{"IpAddress":"-","Port":"-","ProcessName":"C:\\Windows\\System32\\services.exe","SubjectUserSid":"S-1-5-18","SubjectUserName":"DESKTOP-VKU268G$","TargetUserName":"SplunkForwarder","TargetServerName":"localhost","LogonTime":1752911997.772709}
{"IpAddress":"-","Port":"-","ProcessName":"C:\\Windows\\System32\\services.exe","SubjectUserSid":"S-1-5-18","SubjectUserName":"DESKTOP-VKU268G$","TargetUserName":"SplunkForwarder","TargetServerName":"localhost","LogonTime":1752913093.8154895}
{"IpAddress":"-","Port":"-","ProcessName":"C:\\Windows\\System32\\winlogon.exe","SubjectUserSid":"S-1-5-18","SubjectUserName":"DESKTOP-VKU268G$","TargetUserName":"UMFD-1","TargetServerName":"localhost","LogonTime":1752990404.5491264}
{"IpAddress":"-","Port":"-","ProcessName":"C:\\Windows\\System32\\wininit.exe","SubjectUserSid":"S-1-5-18","SubjectUserName":"DESKTOP-VKU268G$","TargetUserName":"UMFD-0","TargetServerName":"localhost","LogonTime":1752990404.55012}
{"IpAddress":"-","Port":"-","ProcessName":"C:\\Windows\\System32\\winlogon.exe","SubjectUserSid":"S-1-5-18","SubjectUserName":"DESKTOP-VKU268G$","TargetUserName":"DWM-1","TargetServerName":"localhost","LogonTime":1752990406.3544033}
{"IpAddress":"-","Port":"-","ProcessName":"C:\\Windows\\System32\\services.exe","SubjectUserSid":"S-1-5-18","SubjectUserName":"DESKTOP-VKU268G$","TargetUserName":"SplunkForwarder","TargetServerName":"localhost","LogonTime":1752990412.3680625}
{"IpAddress":"127.0.0.1","Port":"0","ProcessName":"C:\\Windows\\System32\\svchost.exe","SubjectUserSid":"S-1-5-18","SubjectUserName":"DESKTOP-VKU268G$","TargetUserName":"TMAN","TargetServerName":"localhost","LogonTime":1752990427.9578831}
{"IpAddress":"-","Port":"-","ProcessName":"C:\\Windows\\System32\\services.exe","SubjectUserSid":"S-1-5-18","SubjectUserName":"DESKTOP-VKU268G$","TargetUserName":"SplunkForwarder","TargetServerName":"localhost","LogonTime":1752992899.511488}
{"IpAddress":"-","Port":"-","ProcessName":"C:\\Windows\\System32\\services.exe","SubjectUserSid":"S-1-5-18","SubjectUserName":"DESKTOP-VKU268G$","TargetUserName":"SplunkForwarder","TargetServerName":"localhost","LogonTime":1752993593.391101}
{"IpAddress":"-","Port":"-","ProcessName":"C:\\Windows\\System32\\services.exe","SubjectUserSid":"S-1-5-18","SubjectUserName":"DESKTOP-VKU268G$","TargetUserName":"SplunkForwarder","TargetServerName":"localhost","LogonTime":1752994753.5052192}
{"IpAddress":"-","Port":"-","ProcessName":"C:\\Windows\\System32\\services.exe","SubjectUserSid":"S-1-5-18","SubjectUserName":"DESKTOP-VKU268G$","TargetUserName":"SplunkForwarder","TargetServerName":"localhost","LogonTime":1752994899.5792143}
{"IpAddress":"-","Port":"-","ProcessName":"C:\\Windows\\System32\\services.exe","SubjectUserSid":"S-1-5-18","SubjectUserName":"DESKTOP-VKU268G$","TargetUserName":"SplunkForwarder","TargetServerName":"localhost","LogonTime":1752995038.8312736}
{"IpAddress":"-","Port":"-","ProcessName":"C:\\Windows\\System32\\services.exe","SubjectUserSid":"S-1-5-18","SubjectUserName":"DESKTOP-VKU268G$","TargetUserName":"SplunkForwarder","TargetServerName":"localhost","LogonTime":1752995313.8460193}
{"IpAddress":"-","Port":"-","ProcessName":"C:\\Windows\\System32\\services.exe","SubjectUserSid":"S-1-5-18","SubjectUserName":"DESKTOP-VKU268G$","TargetUserName":"SplunkForwarder","TargetServerName":"localhost","LogonTime":1752995555.9580896}
{"IpAddress":"-","Port":"-","ProcessName":"C:\\Windows\\System32\\winlogon.exe","SubjectUserSid":"S-1-5-18","SubjectUserName":"DESKTOP-VKU268G$","TargetUserName":"UMFD-1","TargetServerName":"localhost","LogonTime":1753004206.3025649}
{"IpAddress":"-","Port":"-","ProcessName":"C:\\Windows\\System32\\wininit.exe","SubjectUserSid":"S-1-5-18","SubjectUserName":"DESKTOP-VKU268G$","TargetUserName":"UMFD-0","TargetServerName":"localhost","LogonTime":1753004206.30632}
{"IpAddress":"-","Port":"-","ProcessName":"C:\\Windows\\System32\\winlogon.exe","SubjectUserSid":"S-1-5-18","SubjectUserName":"DESKTOP-VKU268G$","TargetUserName":"DWM-1","TargetServerName":"localhost","LogonTime":1753004207.9921632}
{"IpAddress":"-","Port":"-","ProcessName":"C:\\Windows\\System32\\services.exe","SubjectUserSid":"S-1-5-18","SubjectUserName":"DESKTOP-VKU268G$","TargetUserName":"SplunkForwarder","TargetServerName":"localhost","LogonTime":1753004214.649888}
{"IpAddress":"127.0.0.1","Port":"0","ProcessName":"C:\\Windows\\System32\\svchost.exe","SubjectUserSid":"S-1-5-18","SubjectUserName":"DESKTOP-VKU268G$","TargetUserName":"TMAN","TargetServerName":"localhost","LogonTime":1753004225.6206512}
{"IpAddress":"-","Port":"-","ProcessName":"C:\\Windows\\System32\\services.exe","SubjectUserSid":"S-1-5-18","SubjectUserName":"DESKTOP-VKU268G$","TargetUserName":"SplunkForwarder","TargetServerName":"localhost","LogonTime":1753004764.2964368}
{"IpAddress":"-","Port":"-","ProcessName":"C:\\Windows\\System32\\services.exe","SubjectUserSid":"S-1-5-18","SubjectUserName":"DESKTOP-VKU268G$","TargetUserName":"SplunkForwarder","TargetServerName":"localhost","LogonTime":1753004862.67416}
{"IpAddress":"-","Port":"-","ProcessName":"C:\\Windows\\System32\\services.exe","SubjectUserSid":"S-1-5-18","SubjectUserName":"DESKTOP-VKU268G$","TargetUserName":"SplunkForwarder","TargetServerName":"localhost","LogonTime":1753005014.7621503}
{"IpAddress":"-","Port":"-","ProcessName":"C:\\Windows\\System32\\winlogon.exe","SubjectUserSid":"S-1-5-18","SubjectUserName":"DESKTOP-VKU268G$","TargetUserName":"UMFD-1","TargetServerName":"localhost","LogonTime":1753308032.6231537}
{"IpAddress":"-","Port":"-","ProcessName":"C:\\Windows\\System32\\wininit.exe","SubjectUserSid":"S-1-5-18","SubjectUserName":"DESKTOP-VKU268G$","TargetUserName":"UMFD-0","TargetServerName":"localhost","LogonTime":1753308032.624568}
{"IpAddress":"-","Port":"-","ProcessName":"C:\\Windows\\System32\\winlogon.exe","SubjectUserSid":"S-1-5-18","SubjectUserName":"DESKTOP-VKU268G$","TargetUserName":"DWM-1","TargetServerName":"localhost","LogonTime":1753308033.3286223}
{"IpAddress":"-","Port":"-","ProcessName":"C:\\Windows\\System32\\services.exe","SubjectUserSid":"S-1-5-18","SubjectUserName":"DESKTOP-VKU268G$","TargetUserName":"SplunkForwarder","TargetServerName":"localhost","LogonTime":1753308038.8171184}
{"IpAddress":"127.0.0.1","Port":"0","ProcessName":"C:\\Windows\\System32\\svchost.exe","SubjectUserSid":"S-1-5-18","SubjectUserName":"DESKTOP-VKU268G$","TargetUserName":"TMAN","TargetServerName":"localhost","LogonTime":1753308058.4646337}
{"IpAddress":"192.168.0.180","Port":"445","ProcessName":"","SubjectUserSid":"S-1-5-21-4230326970-601550557-733139758-1001","SubjectUserName":"TMAN","TargetUserName":"LAPTOPONE","TargetServerName":"WIN-BP32UODHG7O","LogonTime":1753308360.1311536}
{"IpAddress":"-","Port":"-","ProcessName":"C:\\Windows\\System32\\winlogon.exe","SubjectUserSid":"S-1-5-18","SubjectUserName":"DESKTOP-VKU268G$","TargetUserName":"UMFD-1","TargetServerName":"localhost","LogonTime":1753316637.9599967}
{"IpAddress":"-","Port":"-","ProcessName":"C:\\Windows\\System32\\wininit.exe","SubjectUserSid":"S-1-5-18","SubjectUserName":"DESKTOP-VKU268G$","TargetUserName":"UMFD-0","TargetServerName":"localhost","LogonTime":1753316637.9621167}
{"IpAddress":"-","Port":"-","ProcessName":"C:\\Windows\\System32\\winlogon.exe","SubjectUserSid":"S-1-5-18","SubjectUserName":"DESKTOP-VKU268G$","TargetUserName":"DWM-1","TargetServerName":"localhost","LogonTime":1753316639.7125711}
{"IpAddress":"-","Port":"-","ProcessName":"C:\\Windows\\System32\\services.exe","SubjectUserSid":"S-1-5-18","SubjectUserName":"DESKTOP-VKU268G$","TargetUserName":"SplunkForwarder","TargetServerName":"localhost","LogonTime":1753316656.8780785}
{"IpAddress":"127.0.0.1","Port":"0","ProcessName":"C:\\Windows\\System32\\svchost.exe","SubjectUserSid":"S-1-5-18","SubjectUserName":"DESKTOP-VKU268G$","TargetUserName":"TMAN","TargetServerName":"localhost","LogonTime":1753316679.482731}
{"IpAddress":"192.168.0.180","Port":"445","ProcessName":"","SubjectUserSid":"S-1-5-21-4230326970-601550557-733139758-1001","SubjectUserName":"TMAN","TargetUserName":"LAPTOPONE","TargetServerName":"WIN-BP32UODHG7O","LogonTime":1753316949.789245}
{"IpAddress":"-","Port":"-","ProcessName":"C:\\Windows\\System32\\winlogon.exe","SubjectUserSid":"S-1-5-18","SubjectUserName":"DESKTOP-VKU268G$","TargetUserName":"UMFD-1","TargetServerName":"localhost","LogonTime":1753321008.051509}
{"IpAddress":"-","Port":"-","ProcessName":"C:\\Windows\\System32\\wininit.exe","SubjectUserSid":"S-1-5-18","SubjectUserName":"DESKTOP-VKU268G$","TargetUserName":"UMFD-0","TargetServerName":"localhost","LogonTime":1753321008.0544257}
{"IpAddress":"-","Port":"-","ProcessName":"C:\\Windows\\System32\\winlogon.exe","SubjectUserSid":"S-1-5-18","SubjectUserName":"DESKTOP-VKU268G$","TargetUserName":"DWM-1","TargetServerName":"localhost","LogonTime":1753321009.8195424}
{"IpAddress":"-","Port":"-","ProcessName":"C:\\Windows\\System32\\services.exe","SubjectUserSid":"S-1-5-18","SubjectUserName":"DESKTOP-VKU268G$","TargetUserName":"SplunkForwarder","TargetServerName":"localhost","LogonTime":1753321220.131768}
{"IpAddress":"-","Port":"-","ProcessName":"C:\\Windows\\System32\\winlogon.exe","SubjectUserSid":"S-1-5-18","SubjectUserName":"DESKTOP-VKU268G$","TargetUserName":"UMFD-1","TargetServerName":"localhost","LogonTime":1753321260.8506112}
{"IpAddress":"-","Port":"-","ProcessName":"C:\\Windows\\System32\\wininit.exe","SubjectUserSid":"S-1-5-18","SubjectUserName":"DESKTOP-VKU268G$","TargetUserName":"UMFD-0","TargetServerName":"localhost","LogonTime":1753321260.8507233}
{"IpAddress":"-","Port":"-","ProcessName":"C:\\Windows\\System32\\winlogon.exe","SubjectUserSid":"S-1-5-18","SubjectUserName":"DESKTOP-VKU268G$","TargetUserName":"DWM-1","TargetServerName":"localhost","LogonTime":1753321262.782045}
{"IpAddress":"-","Port":"-","ProcessName":"C:\\Windows\\System32\\services.exe","SubjectUserSid":"S-1-5-18","SubjectUserName":"DESKTOP-VKU268G$","TargetUserName":"SplunkForwarder","TargetServerName":"localhost","LogonTime":1753321272.854768}
{"IpAddress":"127.0.0.1","Port":"0","ProcessName":"C:\\Windows\\System32\\svchost.exe","SubjectUserSid":"S-1-5-18","SubjectUserName":"DESKTOP-VKU268G$","TargetUserName":"TMAN","TargetServerName":"localhost","LogonTime":1753321588.9075632}
{"IpAddress":"-","Port":"-","ProcessName":"C:\\Windows\\System32\\winlogon.exe","SubjectUserSid":"S-1-5-18","SubjectUserName":"DESKTOP-VKU268G$","TargetUserName":"UMFD-1","TargetServerName":"localhost","LogonTime":1753345667.4596927}
{"IpAddress":"-","Port":"-","ProcessName":"C:\\Windows\\System32\\wininit.exe","SubjectUserSid":"S-1-5-18","SubjectUserName":"DESKTOP-VKU268G$","TargetUserName":"UMFD-0","TargetServerName":"localhost","LogonTime":1753345667.4599488}
{"IpAddress":"-","Port":"-","ProcessName":"C:\\Windows\\System32\\winlogon.exe","SubjectUserSid":"S-1-5-18","SubjectUserName":"DESKTOP-VKU268G$","TargetUserName":"DWM-1","TargetServerName":"localhost","LogonTime":1753345669.37608}
{"IpAddress":"-","Port":"-","ProcessName":"C:\\Windows\\System32\\services.exe","SubjectUserSid":"S-1-5-18","SubjectUserName":"DESKTOP-VKU268G$","TargetUserName":"SplunkForwarder","TargetServerName":"localhost","LogonTime":1753345682.955056}
{"IpAddress":"127.0.0.1","Port":"0","ProcessName":"C:\\Windows\\System32\\svchost.exe","SubjectUserSid":"S-1-5-18","SubjectUserName":"DESKTOP-VKU268G$","TargetUserName":"TMAN","TargetServerName":"localhost","LogonTime":1753345707.9201152}
{"IpAddress":"-","Port":"-","ProcessName":"C:\\Windows\\System32\\winlogon.exe","SubjectUserSid":"S-1-5-18","SubjectUserName":"DESKTOP-VKU268G$","TargetUserName":"UMFD-1","TargetServerName":"localhost","LogonTime":1753391114.3543167}
{"IpAddress":"-","Port":"-","ProcessName":"C:\\Windows\\System32\\wininit.exe","SubjectUserSid":"S-1-5-18","SubjectUserName":"DESKTOP-VKU268G$","TargetUserName":"UMFD-0","TargetServerName":"localhost","LogonTime":1753391114.4326303}
{"IpAddress":"-","Port":"-","ProcessName":"C:\\Windows\\System32\\winlogon.exe","SubjectUserSid":"S-1-5-18","SubjectUserName":"DESKTOP-VKU268G$","TargetUserName":"DWM-1","TargetServerName":"localhost","LogonTime":1753391115.7078671}
{"IpAddress":"-","Port":"-","ProcessName":"C:\\Windows\\System32\\services.exe","SubjectUserSid":"S-1-5-18","SubjectUserName":"DESKTOP-VKU268G$","TargetUserName":"SplunkForwarder","TargetServerName":"localhost","LogonTime":1753391127.4887953}
{"IpAddress":"127.0.0.1","Port":"0","ProcessName":"C:\\Windows\\System32\\svchost.exe","SubjectUserSid":"S-1-5-18","SubjectUserName":"DESKTOP-VKU268G$","TargetUserName":"TMAN","TargetServerName":"localhost","LogonTime":1753391316.7188993}
