{"EventTime":"2025-07-19T07:54:50Z","Computer":"DESKTOP-VKU268G","EventID":4648,"EventRecordID":1402,"SubjectUserName":"TMAN","SubjectDomainName":"DESKTOP-VKU268G","TargetUserName":"LAPTOPONE","TargetDomainName":"DESKTOP-VKU268G","TargetServerName":"WIN-BP32UODHG7O","ProcessName":"","EventData":{"SubjectUserSid":"S-1-5-21-4230326970-601550557-733139758-1001","SubjectUserName":"TMAN","SubjectDomainName":"DESKTOP-VKU268G","SubjectLogonId":202859,"LogonGuid":"00000000-0000-0000-0000-000000000000","TargetUserName":"LAPTOPONE","TargetDomainName":"DESKTOP-VKU268G","TargetLogonGuid":"00000000-0000-0000-0000-000000000000","TargetServerName":"WIN-BP32UODHG7O","TargetInfo":"WIN-BP32UODHG7O","ProcessId":4,"ProcessName":"","IpAddress":"192.168.0.180","IpPort":"445"},"Message":"A logon was attempted using explicit credentials.\n\nSubject:\n\tSecurity ID:\t\tS-1-5-21-4230326970-601550557-733139758-1001\n\tAccount Name:\t\tTMAN\n\tAccount Domain:\t\tDESKTOP-VKU268G\n\tLogon ID:\t\t202859\n\tLogon GUID:\t\t00000000-0000-0000-0000-000000000000\n\nAccount Whose Credentials Were Used:\n\tAccount Name:\t\tLAPTOPONE\n\tAccount Domain:\t\tDESKTOP-VKU268G\n\tLogon GUID:\t\t00000000-0000-0000-0000-000000000000\n\nTarget Server:\n\tTarget Server Name:\tWIN-BP32UODHG7O\n\tAdditional Information:\tWIN-BP32UODHG7O\n\nProcess Information:\n\tProcess ID:\t\t4\n\tProcess Name:\t\t\n\nNetwork Information:\n\tNetwork Address:\t192.168.0.180\n\tPort:\t\t\t445\n\nThis event is generated when a process attempts to log on an account by explicitly specifying that account’s credentials.  This most commonly occurs in batch-type configurations such as scheduled tasks, or when using the RUNAS command.\r\n","OSPath":"C:\\Windows\\System32\\winevt\\Logs\\Security.evtx"}
{"EventTime":"2025-07-23T22:06:00Z","Computer":"DESKTOP-VKU268G","EventID":4648,"EventRecordID":3011,"SubjectUserName":"TMAN","SubjectDomainName":"DESKTOP-VKU268G","TargetUserName":"LAPTOPONE","TargetDomainName":"DESKTOP-VKU268G","TargetServerName":"WIN-BP32UODHG7O","ProcessName":"","EventData":{"SubjectUserSid":"S-1-5-21-4230326970-601550557-733139758-1001","SubjectUserName":"TMAN","SubjectDomainName":"DESKTOP-VKU268G","SubjectLogonId":239246,"LogonGuid":"00000000-0000-0000-0000-000000000000","TargetUserName":"LAPTOPONE","TargetDomainName":"DESKTOP-VKU268G","TargetLogonGuid":"00000000-0000-0000-0000-000000000000","TargetServerName":"WIN-BP32UODHG7O","TargetInfo":"WIN-BP32UODHG7O","ProcessId":4,"ProcessName":"","IpAddress":"192.168.0.180","IpPort":"445"},"Message":"A logon was attempted using explicit credentials.\n\nSubject:\n\tSecurity ID:\t\tS-1-5-21-4230326970-601550557-733139758-1001\n\tAccount Name:\t\tTMAN\n\tAccount Domain:\t\tDESKTOP-VKU268G\n\tLogon ID:\t\t239246\n\tLogon GUID:\t\t00000000-0000-0000-0000-000000000000\n\nAccount Whose Credentials Were Used:\n\tAccount Name:\t\tLAPTOPONE\n\tAccount Domain:\t\tDESKTOP-VKU268G\n\tLogon GUID:\t\t00000000-0000-0000-0000-000000000000\n\nTarget Server:\n\tTarget Server Name:\tWIN-BP32UODHG7O\n\tAdditional Information:\tWIN-BP32UODHG7O\n\nProcess Information:\n\tProcess ID:\t\t4\n\tProcess Name:\t\t\n\nNetwork Information:\n\tNetwork Address:\t192.168.0.180\n\tPort:\t\t\t445\n\nThis event is generated when a process attempts to log on an account by explicitly specifying that account’s credentials.  This most commonly occurs in batch-type configurations such as scheduled tasks, or when using the RUNAS command.\r\n","OSPath":"C:\\Windows\\System32\\winevt\\Logs\\Security.evtx"}
{"EventTime":"2025-07-24T00:29:09Z","Computer":"DESKTOP-VKU268G","EventID":4648,"EventRecordID":3210,"SubjectUserName":"TMAN","SubjectDomainName":"DESKTOP-VKU268G","TargetUserName":"LAPTOPONE","TargetDomainName":"DESKTOP-VKU268G","TargetServerName":"WIN-BP32UODHG7O","ProcessName":"","EventData":{"SubjectUserSid":"S-1-5-21-4230326970-601550557-733139758-1001","SubjectUserName":"TMAN","SubjectDomainName":"DESKTOP-VKU268G","SubjectLogonId":237671,"LogonGuid":"00000000-0000-0000-0000-000000000000","TargetUserName":"LAPTOPONE","TargetDomainName":"DESKTOP-VKU268G","TargetLogonGuid":"00000000-0000-0000-0000-000000000000","TargetServerName":"WIN-BP32UODHG7O","TargetInfo":"WIN-BP32UODHG7O","ProcessId":4,"ProcessName":"","IpAddress":"192.168.0.180","IpPort":"445"},"Message":"A logon was attempted using explicit credentials.\n\nSubject:\n\tSecurity ID:\t\tS-1-5-21-4230326970-601550557-733139758-1001\n\tAccount Name:\t\tTMAN\n\tAccount Domain:\t\tDESKTOP-VKU268G\n\tLogon ID:\t\t237671\n\tLogon GUID:\t\t00000000-0000-0000-0000-000000000000\n\nAccount Whose Credentials Were Used:\n\tAccount Name:\t\tLAPTOPONE\n\tAccount Domain:\t\tDESKTOP-VKU268G\n\tLogon GUID:\t\t00000000-0000-0000-0000-000000000000\n\nTarget Server:\n\tTarget Server Name:\tWIN-BP32UODHG7O\n\tAdditional Information:\tWIN-BP32UODHG7O\n\nProcess Information:\n\tProcess ID:\t\t4\n\tProcess Name:\t\t\n\nNetwork Information:\n\tNetwork Address:\t192.168.0.180\n\tPort:\t\t\t445\n\nThis event is generated when a process attempts to log on an account by explicitly specifying that account’s credentials.  This most commonly occurs in batch-type configurations such as scheduled tasks, or when using the RUNAS command.\r\n","OSPath":"C:\\Windows\\System32\\winevt\\Logs\\Security.evtx"}
