{"Mtime":"2025-07-18T10:56:35.5353299Z","GUID":"{47bfa2b7-bd54-4fac-b70b-29021084ca8f}","_RegKey":"HKEY_LOCAL_MACHINE\\SYSTEM\\CurrentControlSet\\Control\\WMI\\Autologger\\EventLog-System\\{47bfa2b7-bd54-4fac-b70b-29021084ca8f}","ProviderName":"Application Popup","Enabled":1,"Content":{"EnableLevel":0,"EnableProperty":1,"Enabled":1,"LoggerName":"EventLog-System","MatchAllKeyword":0,"MatchAnyKeyword":9223372036854775808,"Status":0}}
{"Mtime":"2025-07-18T10:56:35.5353299Z","GUID":"{199fe037-2b82-40a9-82ac-e1d46c792b99}","_RegKey":"HKEY_LOCAL_MACHINE\\SYSTEM\\CurrentControlSet\\Control\\WMI\\Autologger\\EventLog-System\\{199fe037-2b82-40a9-82ac-e1d46c792b99}","ProviderName":"LsaSrv","Enabled":1,"Content":{"EnableLevel":0,"EnableProperty":1,"Enabled":1,"LoggerName":"EventLog-System","MatchAllKeyword":0,"MatchAnyKeyword":9223372036854775808,"Status":0}}
{"Mtime":"2025-07-18T10:56:35.5353299Z","GUID":"{928f7d29-0577-5be5-3bd3-b6bdab9ab307}","_RegKey":"HKEY_LOCAL_MACHINE\\SYSTEM\\CurrentControlSet\\Control\\WMI\\Autologger\\EventLog-System\\{928f7d29-0577-5be5-3bd3-b6bdab9ab307}","ProviderName":"Microsoft-Antimalware-ShieldProvider","Enabled":1,"Content":{"EnableLevel":0,"EnableProperty":1,"Enabled":1,"LoggerName":"EventLog-System","MatchAllKeyword":0,"MatchAnyKeyword":9223372036854775808,"Status":0}}
{"Mtime":"2025-07-18T10:56:35.5553597Z","GUID":"{e4f68870-5ae8-4e5b-9ce7-ca9ed75b0245}","_RegKey":"HKEY_LOCAL_MACHINE\\SYSTEM\\CurrentControlSet\\Control\\WMI\\Autologger\\EventLog-System\\{e4f68870-5ae8-4e5b-9ce7-ca9ed75b0245}","ProviderName":"Microsoft-AppV-Client","Enabled":1,"Content":{"EnableLevel":0,"EnableProperty":1,"Enabled":1,"LoggerName":"EventLog-System","MatchAllKeyword":0,"MatchAnyKeyword":13835058055282163712,"Status":0}}
{"Mtime":"2025-07-18T10:56:35.5553597Z","GUID":"{de29cf61-5ee6-43ff-9aac-959c4e13cc6c}","_RegKey":"HKEY_LOCAL_MACHINE\\SYSTEM\\CurrentControlSet\\Control\\WMI\\Autologger\\EventLog-System\\{de29cf61-5ee6-43ff-9aac-959c4e13cc6c}","ProviderName":"Microsoft-User Experience Virtualization-Agent Driver","Enabled":1,"Content":{"EnableLevel":0,"EnableProperty":1,"Enabled":1,"LoggerName":"EventLog-System","MatchAllKeyword":0,"MatchAnyKeyword":9223372036854775808,"Status":0}}
{"Mtime":"2025-07-18T10:56:35.5353299Z","GUID":"{3cb2a168-fe19-4a4e-bdad-dcf422f13473}","_RegKey":"HKEY_LOCAL_MACHINE\\SYSTEM\\CurrentControlSet\\Control\\WMI\\Autologger\\EventLog-System\\{3cb2a168-fe19-4a4e-bdad-dcf422f13473}","ProviderName":"Microsoft-Windows-AppID","Enabled":1,"Content":{"EnableLevel":0,"EnableProperty":1,"Enabled":1,"LoggerName":"EventLog-System","MatchAllKeyword":0,"MatchAnyKeyword":9223372036854775808,"Status":0}}
{"Mtime":"2025-07-18T10:56:35.5553597Z","GUID":"{cbda4dbf-8d5d-4f69-9578-be14aa540d22}","_RegKey":"HKEY_LOCAL_MACHINE\\SYSTEM\\CurrentControlSet\\Control\\WMI\\Autologger\\EventLog-System\\{cbda4dbf-8d5d-4f69-9578-be14aa540d22}","ProviderName":"Microsoft-Windows-AppLocker","Enabled":1,"Content":{"EnableLevel":0,"EnableProperty":1,"Enabled":1,"LoggerName":"EventLog-System","MatchAllKeyword":0,"MatchAnyKeyword":11529215046068469760,"Status":0}}
{"Mtime":"2025-07-18T10:56:35.5353299Z","GUID":"{3f471139-acb7-4a01-b7a7-ff5da4ba2d43}","_RegKey":"HKEY_LOCAL_MACHINE\\SYSTEM\\CurrentControlSet\\Control\\WMI\\Autologger\\EventLog-System\\{3f471139-acb7-4a01-b7a7-ff5da4ba2d43}","ProviderName":"Microsoft-Windows-AppXDeployment-Server","Enabled":1,"Content":{"EnableLevel":0,"EnableProperty":1,"Enabled":1,"LoggerName":"EventLog-System","MatchAllKeyword":0,"MatchAnyKeyword":1152921504606846976,"Status":0}}
{"Mtime":"2025-07-18T10:56:35.5553597Z","GUID":"{ae4bd3be-f36f-45b6-8d21-bdd6fb832853}","_RegKey":"HKEY_LOCAL_MACHINE\\SYSTEM\\CurrentControlSet\\Control\\WMI\\Autologger\\EventLog-System\\{ae4bd3be-f36f-45b6-8d21-bdd6fb832853}","ProviderName":"Microsoft-Windows-Audio","Enabled":1,"Content":{"EnableLevel":0,"EnableProperty":1,"Enabled":1,"LoggerName":"EventLog-System","MatchAllKeyword":0,"MatchAnyKeyword":6917529027641081856,"Status":0}}
{"Mtime":"2025-07-18T10:56:35.5353299Z","GUID":"{85a62a0d-7e17-485f-9d4f-749a287193a6}","_RegKey":"HKEY_LOCAL_MACHINE\\SYSTEM\\CurrentControlSet\\Control\\WMI\\Autologger\\EventLog-System\\{85a62a0d-7e17-485f-9d4f-749a287193a6}","ProviderName":"Microsoft-Windows-Audit-CVE","Enabled":1,"Content":{"EnableLevel":0,"EnableProperty":1,"Enabled":1,"LoggerName":"EventLog-System","MatchAllKeyword":0,"MatchAnyKeyword":4611686018427387904,"Status":0}}
{"Mtime":"2025-07-18T10:56:35.5353299Z","GUID":"{1db28f2e-8f80-4027-8c5a-a11f7f10f62d}","_RegKey":"HKEY_LOCAL_MACHINE\\SYSTEM\\CurrentControlSet\\Control\\WMI\\Autologger\\EventLog-System\\{1db28f2e-8f80-4027-8c5a-a11f7f10f62d}","ProviderName":"Microsoft-Windows-Backup","Enabled":1,"Content":{"EnableLevel":0,"EnableProperty":1,"Enabled":1,"LoggerName":"EventLog-System","MatchAllKeyword":0,"MatchAnyKeyword":4611686018427387904,"Status":0}}
{"Mtime":"2025-07-18T10:56:35.5353299Z","GUID":"{a0e3d8ea-c34f-4419-a1db-90435b8b21d0}","_RegKey":"HKEY_LOCAL_MACHINE\\SYSTEM\\CurrentControlSet\\Control\\WMI\\Autologger\\EventLog-System\\{a0e3d8ea-c34f-4419-a1db-90435b8b21d0}","ProviderName":"Microsoft-Windows-Biometrics","Enabled":1,"Content":{"EnableLevel":0,"EnableProperty":1,"Enabled":1,"LoggerName":"EventLog-System","MatchAllKeyword":0,"MatchAnyKeyword":9223372036854775808,"Status":0}}
{"Mtime":"2025-07-18T10:56:35.5353299Z","GUID":"{5d674230-ca9f-11da-a94d-0800200c9a66}","_RegKey":"HKEY_LOCAL_MACHINE\\SYSTEM\\CurrentControlSet\\Control\\WMI\\Autologger\\EventLog-System\\{5d674230-ca9f-11da-a94d-0800200c9a66}","ProviderName":"Microsoft-Windows-BitLocker-API","Enabled":1,"Content":{"EnableLevel":0,"EnableProperty":1,"Enabled":1,"LoggerName":"EventLog-System","MatchAllKeyword":0,"MatchAnyKeyword":9223372036854775808,"Status":0}}
{"Mtime":"2025-07-18T10:56:35.5353299Z","GUID":"{632f767e-0ec3-47b9-ba1c-a0e62a74728a}","_RegKey":"HKEY_LOCAL_MACHINE\\SYSTEM\\CurrentControlSet\\Control\\WMI\\Autologger\\EventLog-System\\{632f767e-0ec3-47b9-ba1c-a0e62a74728a}","ProviderName":"Microsoft-Windows-BitLocker-DrivePreparationTool","Enabled":1,"Content":{"EnableLevel":0,"EnableProperty":1,"Enabled":1,"LoggerName":"EventLog-System","MatchAllKeyword":0,"MatchAnyKeyword":13835058055282163712,"Status":0}}
{"Mtime":"2025-07-18T10:56:35.5353299Z","GUID":"{651df93b-5053-4d1e-94c5-f6e6d25908d0}","_RegKey":"HKEY_LOCAL_MACHINE\\SYSTEM\\CurrentControlSet\\Control\\WMI\\Autologger\\EventLog-System\\{651df93b-5053-4d1e-94c5-f6e6d25908d0}","ProviderName":"Microsoft-Windows-BitLocker-Driver","Enabled":1,"Content":{"EnableLevel":0,"EnableProperty":1,"Enabled":1,"LoggerName":"EventLog-System","MatchAllKeyword":0,"MatchAnyKeyword":9223372036854775808,"Status":0}}
{"Mtime":"2025-07-18T10:56:35.5553597Z","GUID":"{ef1cc15b-46c1-414e-bb95-e76b077bd51e}","_RegKey":"HKEY_LOCAL_MACHINE\\SYSTEM\\CurrentControlSet\\Control\\WMI\\Autologger\\EventLog-System\\{ef1cc15b-46c1-414e-bb95-e76b077bd51e}","ProviderName":"Microsoft-Windows-Bits-Client","Enabled":1,"Content":{"EnableLevel":0,"EnableProperty":1,"Enabled":1,"LoggerName":"EventLog-System","MatchAllKeyword":0,"MatchAnyKeyword":13835058055282163712,"Status":0}}
{"Mtime":"2025-07-18T10:56:35.5353299Z","GUID":"{4af188ac-e9c4-4c11-b07b-1fabc07dfeb2}","_RegKey":"HKEY_LOCAL_MACHINE\\SYSTEM\\CurrentControlSet\\Control\\WMI\\Autologger\\EventLog-System\\{4af188ac-e9c4-4c11-b07b-1fabc07dfeb2}","ProviderName":"Microsoft-Windows-Bluetooth-BthLEPrepairing","Enabled":1,"Content":{"EnableLevel":0,"EnableProperty":1,"Enabled":1,"LoggerName":"EventLog-System","MatchAllKeyword":0,"MatchAnyKeyword":13835058055282163712,"Status":0}}
{"Mtime":"2025-07-18T10:56:35.5353299Z","GUID":"{04268430-d489-424d-b914-0cff741d6684}","_RegKey":"HKEY_LOCAL_MACHINE\\SYSTEM\\CurrentControlSet\\Control\\WMI\\Autologger\\EventLog-System\\{04268430-d489-424d-b914-0cff741d6684}","ProviderName":"Microsoft-Windows-Bluetooth-MTPEnum","Enabled":1,"Content":{"EnableLevel":0,"EnableProperty":1,"Enabled":1,"LoggerName":"EventLog-System","MatchAllKeyword":0,"MatchAnyKeyword":9223372036854775808,"Status":0}}
{"Mtime":"2025-07-18T10:56:35.5553597Z","GUID":"{bc0669e1-a10d-4a78-834e-1ca3c806c93b}","_RegKey":"HKEY_LOCAL_MACHINE\\SYSTEM\\CurrentControlSet\\Control\\WMI\\Autologger\\EventLog-System\\{bc0669e1-a10d-4a78-834e-1ca3c806c93b}","ProviderName":"Microsoft-Windows-CertificateServicesClient-Lifecycle-System","Enabled":1,"Content":{"EnableLevel":0,"EnableProperty":1,"Enabled":1,"LoggerName":"EventLog-System","MatchAllKeyword":0,"MatchAnyKeyword":9223372036854775808,"Status":0}}
{"Mtime":"2025-07-18T10:56:35.5353299Z","GUID":"{4ee76bd8-3cf4-44a0-a0ac-3937643e37a3}","_RegKey":"HKEY_LOCAL_MACHINE\\SYSTEM\\CurrentControlSet\\Control\\WMI\\Autologger\\EventLog-System\\{4ee76bd8-3cf4-44a0-a0ac-3937643e37a3}","ProviderName":"Microsoft-Windows-CodeIntegrity","Enabled":1,"Content":{"EnableLevel":0,"EnableProperty":1,"Enabled":1,"LoggerName":"EventLog-System","MatchAllKeyword":0,"MatchAnyKeyword":9223372036854775808,"Status":0}}
{"Mtime":"2025-07-18T10:56:35.5553597Z","GUID":"{fc4e8f51-7a04-4bab-8b91-6321416f72ab}","_RegKey":"HKEY_LOCAL_MACHINE\\SYSTEM\\CurrentControlSet\\Control\\WMI\\Autologger\\EventLog-System\\{fc4e8f51-7a04-4bab-8b91-6321416f72ab}","ProviderName":"Microsoft-Windows-Containers-BindFlt","Enabled":1,"Content":{"EnableLevel":0,"EnableProperty":1,"Enabled":1,"LoggerName":"EventLog-System","MatchAllKeyword":0,"MatchAnyKeyword":9223372036854775808,"Status":0}}
{"Mtime":"2025-07-18T10:56:35.5553597Z","GUID":"{aec5c129-7c10-407d-be97-91a042c61aaa}","_RegKey":"HKEY_LOCAL_MACHINE\\SYSTEM\\CurrentControlSet\\Control\\WMI\\Autologger\\EventLog-System\\{aec5c129-7c10-407d-be97-91a042c61aaa}","ProviderName":"Microsoft-Windows-Containers-Wcifs","Enabled":1,"Content":{"EnableLevel":0,"EnableProperty":1,"Enabled":1,"LoggerName":"EventLog-System","MatchAllKeyword":0,"MatchAnyKeyword":9223372036854775808,"Status":0}}
{"Mtime":"2025-07-18T10:56:35.5553597Z","GUID":"{b99317e5-89b7-4c0d-abd1-6e705f7912dc}","_RegKey":"HKEY_LOCAL_MACHINE\\SYSTEM\\CurrentControlSet\\Control\\WMI\\Autologger\\EventLog-System\\{b99317e5-89b7-4c0d-abd1-6e705f7912dc}","ProviderName":"Microsoft-Windows-Containers-Wcnfs","Enabled":1,"Content":{"EnableLevel":0,"EnableProperty":1,"Enabled":1,"LoggerName":"EventLog-System","MatchAllKeyword":0,"MatchAnyKeyword":9223372036854775808,"Status":0}}
{"Mtime":"2025-07-18T10:56:35.5353299Z","GUID":"{0b886108-1899-4d3a-9c0d-42d8fc4b9108}","_RegKey":"HKEY_LOCAL_MACHINE\\SYSTEM\\CurrentControlSet\\Control\\WMI\\Autologger\\EventLog-System\\{0b886108-1899-4d3a-9c0d-42d8fc4b9108}","ProviderName":"Microsoft-Windows-CoreSystem-InitMachineConfig","Enabled":1,"Content":{"EnableLevel":0,"EnableProperty":1,"Enabled":1,"LoggerName":"EventLog-System","MatchAllKeyword":0,"MatchAnyKeyword":9223372036854775808,"Status":0}}
{"Mtime":"2025-07-18T10:56:35.5353299Z","GUID":"{3629dd4d-d6f1-4302-a623-0768b51501c7}","_RegKey":"HKEY_LOCAL_MACHINE\\SYSTEM\\CurrentControlSet\\Control\\WMI\\Autologger\\EventLog-System\\{3629dd4d-d6f1-4302-a623-0768b51501c7}","ProviderName":"Microsoft-Windows-CoreSystem-NetProvision-JoinProviderOnline","Enabled":1,"Content":{"EnableLevel":0,"EnableProperty":1,"Enabled":1,"LoggerName":"EventLog-System","MatchAllKeyword":0,"MatchAnyKeyword":9223372036854775808,"Status":0}}
{"Mtime":"2025-07-18T10:56:35.5553597Z","GUID":"{ba093605-3909-4345-990b-26b746adee0a}","_RegKey":"HKEY_LOCAL_MACHINE\\SYSTEM\\CurrentControlSet\\Control\\WMI\\Autologger\\EventLog-System\\{ba093605-3909-4345-990b-26b746adee0a}","ProviderName":"Microsoft-Windows-CorruptedFileRecovery-Client","Enabled":1,"Content":{"EnableLevel":0,"EnableProperty":1,"Enabled":1,"LoggerName":"EventLog-System","MatchAllKeyword":0,"MatchAnyKeyword":9223372036854775808,"Status":0}}
{"Mtime":"2025-07-18T10:56:35.5553597Z","GUID":"{d6f68875-cdf5-43a5-a3e3-53ffd683311c}","_RegKey":"HKEY_LOCAL_MACHINE\\SYSTEM\\CurrentControlSet\\Control\\WMI\\Autologger\\EventLog-System\\{d6f68875-cdf5-43a5-a3e3-53ffd683311c}","ProviderName":"Microsoft-Windows-CorruptedFileRecovery-Server","Enabled":1,"Content":{"EnableLevel":0,"EnableProperty":1,"Enabled":1,"LoggerName":"EventLog-System","MatchAllKeyword":0,"MatchAnyKeyword":13835058055282163712,"Status":0}}
{"Mtime":"2025-07-18T10:56:35.5353299Z","GUID":"{89fe8f40-cdce-464e-8217-15ef97d4c7c3}","_RegKey":"HKEY_LOCAL_MACHINE\\SYSTEM\\CurrentControlSet\\Control\\WMI\\Autologger\\EventLog-System\\{89fe8f40-cdce-464e-8217-15ef97d4c7c3}","ProviderName":"Microsoft-Windows-Crypto-DPAPI","Enabled":1,"Content":{"EnableLevel":0,"EnableProperty":1,"Enabled":1,"LoggerName":"EventLog-System","MatchAllKeyword":0,"MatchAnyKeyword":13835058055282163712,"Status":0}}
{"Mtime":"2025-07-18T10:56:35.5353299Z","GUID":"{6a1f2b00-6a90-4c38-95a5-5cab3b056778}","_RegKey":"HKEY_LOCAL_MACHINE\\SYSTEM\\CurrentControlSet\\Control\\WMI\\Autologger\\EventLog-System\\{6a1f2b00-6a90-4c38-95a5-5cab3b056778}","ProviderName":"Microsoft-Windows-DHCPv6-Client","Enabled":1,"Content":{"EnableLevel":0,"EnableProperty":1,"Enabled":1,"LoggerName":"EventLog-System","MatchAllKeyword":0,"MatchAnyKeyword":2305843009213693952,"Status":0}}
{"Mtime":"2025-07-18T10:56:35.5353299Z","GUID":"{1c95126e-7eea-49a9-a3fe-a378b03ddb4d}","_RegKey":"HKEY_LOCAL_MACHINE\\SYSTEM\\CurrentControlSet\\Control\\WMI\\Autologger\\EventLog-System\\{1c95126e-7eea-49a9-a3fe-a378b03ddb4d}","ProviderName":"Microsoft-Windows-DNS-Client","Enabled":1,"Content":{"EnableLevel":0,"EnableProperty":1,"Enabled":1,"LoggerName":"EventLog-System","MatchAllKeyword":0,"MatchAnyKeyword":4611686018427387904,"Status":0}}
{"Mtime":"2025-07-18T10:56:35.5553597Z","GUID":"{f9fe3908-44b8-48d9-9a32-5a763ff5ed79}","_RegKey":"HKEY_LOCAL_MACHINE\\SYSTEM\\CurrentControlSet\\Control\\WMI\\Autologger\\EventLog-System\\{f9fe3908-44b8-48d9-9a32-5a763ff5ed79}","ProviderName":"Microsoft-Windows-Deduplication","Enabled":1,"Content":{"EnableLevel":0,"EnableProperty":1,"Enabled":1,"LoggerName":"EventLog-System","MatchAllKeyword":0,"MatchAnyKeyword":16140901064495857664,"Status":0}}
{"Mtime":"2025-07-18T10:56:35.5553597Z","GUID":"{f717d024-f5b4-4f03-9ab9-331b2dc38ffb}","_RegKey":"HKEY_LOCAL_MACHINE\\SYSTEM\\CurrentControlSet\\Control\\WMI\\Autologger\\EventLog-System\\{f717d024-f5b4-4f03-9ab9-331b2dc38ffb}","ProviderName":"Microsoft-Windows-DeviceGuard","Enabled":1,"Content":{"EnableLevel":0,"EnableProperty":1,"Enabled":1,"LoggerName":"EventLog-System","MatchAllKeyword":0,"MatchAnyKeyword":9223372036854775808,"Status":0}}
{"Mtime":"2025-07-18T10:56:35.5553597Z","GUID":"{fcbb06bb-6a2a-46e3-abaa-246cb4e508b2}","_RegKey":"HKEY_LOCAL_MACHINE\\SYSTEM\\CurrentControlSet\\Control\\WMI\\Autologger\\EventLog-System\\{fcbb06bb-6a2a-46e3-abaa-246cb4e508b2}","ProviderName":"Microsoft-Windows-DeviceSetupManager","Enabled":1,"Content":{"EnableLevel":0,"EnableProperty":1,"Enabled":1,"LoggerName":"EventLog-System","MatchAllKeyword":0,"MatchAnyKeyword":13835058055282163712,"Status":0}}
{"Mtime":"2025-07-18T10:56:35.5553597Z","GUID":"{e8f9af91-afbe-5a03-dfec-5d591686326c}","_RegKey":"HKEY_LOCAL_MACHINE\\SYSTEM\\CurrentControlSet\\Control\\WMI\\Autologger\\EventLog-System\\{e8f9af91-afbe-5a03-dfec-5d591686326c}","ProviderName":"Microsoft-Windows-DeviceUpdateAgent","Enabled":1,"Content":{"EnableLevel":0,"EnableProperty":1,"Enabled":1,"LoggerName":"EventLog-System","MatchAllKeyword":0,"MatchAnyKeyword":9223372036854775808,"Status":0}}
{"Mtime":"2025-07-18T10:56:35.5353299Z","GUID":"{64ef2b1c-4ae1-4e64-8599-1636e441ec88}","_RegKey":"HKEY_LOCAL_MACHINE\\SYSTEM\\CurrentControlSet\\Control\\WMI\\Autologger\\EventLog-System\\{64ef2b1c-4ae1-4e64-8599-1636e441ec88}","ProviderName":"Microsoft-Windows-Devices-Background","Enabled":1,"Content":{"EnableLevel":0,"EnableProperty":1,"Enabled":1,"LoggerName":"EventLog-System","MatchAllKeyword":0,"MatchAnyKeyword":9223372036854775808,"Status":0}}
{"Mtime":"2025-07-18T10:56:35.5353299Z","GUID":"{7da4fe0e-fd42-4708-9aa5-89b77a224885}","_RegKey":"HKEY_LOCAL_MACHINE\\SYSTEM\\CurrentControlSet\\Control\\WMI\\Autologger\\EventLog-System\\{7da4fe0e-fd42-4708-9aa5-89b77a224885}","ProviderName":"Microsoft-Windows-DfsSvc","Enabled":1,"Content":{"EnableLevel":0,"EnableProperty":1,"Enabled":1,"LoggerName":"EventLog-System","MatchAllKeyword":0,"MatchAnyKeyword":9223372036854775808,"Status":0}}
{"Mtime":"2025-07-18T10:56:35.5353299Z","GUID":"{15a7a4f8-0072-4eab-abad-f98a4d666aed}","_RegKey":"HKEY_LOCAL_MACHINE\\SYSTEM\\CurrentControlSet\\Control\\WMI\\Autologger\\EventLog-System\\{15a7a4f8-0072-4eab-abad-f98a4d666aed}","ProviderName":"Microsoft-Windows-Dhcp-Client","Enabled":1,"Content":{"EnableLevel":0,"EnableProperty":1,"Enabled":1,"LoggerName":"EventLog-System","MatchAllKeyword":0,"MatchAnyKeyword":2305843009213693952,"Status":0}}
{"Mtime":"2025-07-18T10:56:35.5353299Z","GUID":"{6bba3851-2c7e-4dea-8f54-31e5afd029e3}","_RegKey":"HKEY_LOCAL_MACHINE\\SYSTEM\\CurrentControlSet\\Control\\WMI\\Autologger\\EventLog-System\\{6bba3851-2c7e-4dea-8f54-31e5afd029e3}","ProviderName":"Microsoft-Windows-Diagnosis-DPS","Enabled":1,"Content":{"EnableLevel":0,"EnableProperty":1,"Enabled":1,"LoggerName":"EventLog-System","MatchAllKeyword":0,"MatchAnyKeyword":4611686018427387904,"Status":0}}
{"Mtime":"2025-07-18T10:56:35.5353299Z","GUID":"{36c23e18-0e66-11d9-bbeb-505054503030}","_RegKey":"HKEY_LOCAL_MACHINE\\SYSTEM\\CurrentControlSet\\Control\\WMI\\Autologger\\EventLog-System\\{36c23e18-0e66-11d9-bbeb-505054503030}","ProviderName":"Microsoft-Windows-Diagnostics-Networking","Enabled":1,"Content":{"EnableLevel":0,"EnableProperty":1,"Enabled":1,"LoggerName":"EventLog-System","MatchAllKeyword":0,"MatchAnyKeyword":4611686018427387904,"Status":0}}
{"Mtime":"2025-07-18T10:56:35.5553597Z","GUID":"{cfc18ec0-96b1-4eba-961b-622caee05b0a}","_RegKey":"HKEY_LOCAL_MACHINE\\SYSTEM\\CurrentControlSet\\Control\\WMI\\Autologger\\EventLog-System\\{cfc18ec0-96b1-4eba-961b-622caee05b0a}","ProviderName":"Microsoft-Windows-Diagnostics-Performance","Enabled":1,"Content":{"EnableLevel":0,"EnableProperty":1,"Enabled":1,"LoggerName":"EventLog-System","MatchAllKeyword":0,"MatchAnyKeyword":9223372036854775808,"Status":0}}
{"Mtime":"2025-07-18T10:56:35.5353299Z","GUID":"{0d4fdc09-8c27-494a-bda0-505e4fd8adae}","_RegKey":"HKEY_LOCAL_MACHINE\\SYSTEM\\CurrentControlSet\\Control\\WMI\\Autologger\\EventLog-System\\{0d4fdc09-8c27-494a-bda0-505e4fd8adae}","ProviderName":"Microsoft-Windows-Directory-Services-SAM","Enabled":1,"Content":{"EnableLevel":0,"EnableProperty":1,"Enabled":1,"LoggerName":"EventLog-System","MatchAllKeyword":0,"MatchAnyKeyword":9223372036854775808,"Status":0}}
{"Mtime":"2025-07-18T10:56:35.5553597Z","GUID":"{e670a5a2-ce74-4ab4-9347-61b815319f4c}","_RegKey":"HKEY_LOCAL_MACHINE\\SYSTEM\\CurrentControlSet\\Control\\WMI\\Autologger\\EventLog-System\\{e670a5a2-ce74-4ab4-9347-61b815319f4c}","ProviderName":"Microsoft-Windows-DiskDiagnostic","Enabled":1,"Content":{"EnableLevel":0,"EnableProperty":1,"Enabled":1,"LoggerName":"EventLog-System","MatchAllKeyword":0,"MatchAnyKeyword":13835058055282163712,"Status":0}}
{"Mtime":"2025-07-18T10:56:35.5553597Z","GUID":"{e104fb41-6b04-4f3a-b47d-f0df2f02b954}","_RegKey":"HKEY_LOCAL_MACHINE\\SYSTEM\\CurrentControlSet\\Control\\WMI\\Autologger\\EventLog-System\\{e104fb41-6b04-4f3a-b47d-f0df2f02b954}","ProviderName":"Microsoft-Windows-DiskDiagnosticDataCollector","Enabled":1,"Content":{"EnableLevel":0,"EnableProperty":1,"Enabled":1,"LoggerName":"EventLog-System","MatchAllKeyword":0,"MatchAnyKeyword":9223372036854775808,"Status":0}}
{"Mtime":"2025-07-18T10:56:35.5353299Z","GUID":"{1b562e86-b7aa-4131-badc-b6f3a001407e}","_RegKey":"HKEY_LOCAL_MACHINE\\SYSTEM\\CurrentControlSet\\Control\\WMI\\Autologger\\EventLog-System\\{1b562e86-b7aa-4131-badc-b6f3a001407e}","ProviderName":"Microsoft-Windows-DistributedCOM","Enabled":1,"Content":{"EnableLevel":0,"EnableProperty":1,"Enabled":1,"LoggerName":"EventLog-System","MatchAllKeyword":0,"MatchAnyKeyword":9223372036854775808,"Status":0}}
{"Mtime":"2025-07-18T10:56:35.5353299Z","GUID":"{2e35aaeb-857f-4beb-a418-2e6c0e54d988}","_RegKey":"HKEY_LOCAL_MACHINE\\SYSTEM\\CurrentControlSet\\Control\\WMI\\Autologger\\EventLog-System\\{2e35aaeb-857f-4beb-a418-2e6c0e54d988}","ProviderName":"Microsoft-Windows-DriverFrameworks-UserMode","Enabled":1,"Content":{"EnableLevel":0,"EnableProperty":1,"Enabled":1,"LoggerName":"EventLog-System","MatchAllKeyword":0,"MatchAnyKeyword":2305843009213693952,"Status":0}}
{"Mtime":"2025-07-18T10:56:35.5553597Z","GUID":"{ed8cc261-2123-567e-063e-75fc5f8e8a48}","_RegKey":"HKEY_LOCAL_MACHINE\\SYSTEM\\CurrentControlSet\\Control\\WMI\\Autologger\\EventLog-System\\{ed8cc261-2123-567e-063e-75fc5f8e8a48}","ProviderName":"Microsoft-Windows-DucUpdateAgent","Enabled":1,"Content":{"EnableLevel":0,"EnableProperty":1,"Enabled":1,"LoggerName":"EventLog-System","MatchAllKeyword":0,"MatchAnyKeyword":9223372036854775808,"Status":0}}
{"Mtime":"2025-07-18T10:56:35.5353299Z","GUID":"{802ec45a-1e99-4b83-9920-87c98277ba9d}","_RegKey":"HKEY_LOCAL_MACHINE\\SYSTEM\\CurrentControlSet\\Control\\WMI\\Autologger\\EventLog-System\\{802ec45a-1e99-4b83-9920-87c98277ba9d}","ProviderName":"Microsoft-Windows-DxgKrnl","Enabled":1,"Content":{"EnableLevel":0,"EnableProperty":1,"Enabled":1,"LoggerName":"EventLog-System","MatchAllKeyword":0,"MatchAnyKeyword":864691128455135232,"Status":0}}
{"Mtime":"2025-07-18T10:56:35.5353299Z","GUID":"{54cb22ff-26b4-4393-a8c2-6b0715912c5f}","_RegKey":"HKEY_LOCAL_MACHINE\\SYSTEM\\CurrentControlSet\\Control\\WMI\\Autologger\\EventLog-System\\{54cb22ff-26b4-4393-a8c2-6b0715912c5f}","ProviderName":"Microsoft-Windows-EQoS","Enabled":1,"Content":{"EnableLevel":0,"EnableProperty":1,"Enabled":1,"LoggerName":"EventLog-System","MatchAllKeyword":0,"MatchAnyKeyword":9223372036854775808,"Status":0}}
{"Mtime":"2025-07-18T10:56:35.5353299Z","GUID":"{aa3aa23b-bb6d-425a-b58c-1d7e37f5d02a}","_RegKey":"HKEY_LOCAL_MACHINE\\SYSTEM\\CurrentControlSet\\Control\\WMI\\Autologger\\EventLog-System\\{aa3aa23b-bb6d-425a-b58c-1d7e37f5d02a}","ProviderName":"Microsoft-Windows-EnhancedStorage-EhStorTcgDrv","Enabled":1,"Content":{"EnableLevel":0,"EnableProperty":1,"Enabled":1,"LoggerName":"EventLog-System","MatchAllKeyword":0,"MatchAnyKeyword":9223372036854775808,"Status":0}}
{"Mtime":"2025-07-18T10:56:35.5553597Z","GUID":"{b977cf02-76f6-df84-cc1a-6a4b232322b6}","_RegKey":"HKEY_LOCAL_MACHINE\\SYSTEM\\CurrentControlSet\\Control\\WMI\\Autologger\\EventLog-System\\{b977cf02-76f6-df84-cc1a-6a4b232322b6}","ProviderName":"Microsoft-Windows-EventCollector","Enabled":1,"Content":{"EnableLevel":0,"EnableProperty":1,"Enabled":1,"LoggerName":"EventLog-System","MatchAllKeyword":0,"MatchAnyKeyword":5188146770730811392,"Status":0}}
{"Mtime":"2025-07-18T10:56:35.5553597Z","GUID":"{fc65ddd8-d6ef-4962-83d5-6e5cfe9ce148}","_RegKey":"HKEY_LOCAL_MACHINE\\SYSTEM\\CurrentControlSet\\Control\\WMI\\Autologger\\EventLog-System\\{fc65ddd8-d6ef-4962-83d5-6e5cfe9ce148}","ProviderName":"Microsoft-Windows-Eventlog","Enabled":1,"Content":{"EnableLevel":0,"EnableProperty":1,"Enabled":1,"LoggerName":"EventLog-System","MatchAllKeyword":0,"MatchAnyKeyword":9223372036854775808,"Status":0}}
{"Mtime":"2025-07-18T10:56:35.5553597Z","GUID":"{dea07764-0790-44de-b9c4-49677b17174f}","_RegKey":"HKEY_LOCAL_MACHINE\\SYSTEM\\CurrentControlSet\\Control\\WMI\\Autologger\\EventLog-System\\{dea07764-0790-44de-b9c4-49677b17174f}","ProviderName":"Microsoft-Windows-FMS","Enabled":1,"Content":{"EnableLevel":0,"EnableProperty":1,"Enabled":1,"LoggerName":"EventLog-System","MatchAllKeyword":0,"MatchAnyKeyword":13835058055282163712,"Status":0}}
{"Mtime":"2025-07-18T10:56:35.5353299Z","GUID":"{a82fda5d-745f-409c-b0fe-18ae0678a0e0}","_RegKey":"HKEY_LOCAL_MACHINE\\SYSTEM\\CurrentControlSet\\Control\\WMI\\Autologger\\EventLog-System\\{a82fda5d-745f-409c-b0fe-18ae0678a0e0}","ProviderName":"Microsoft-Windows-FailoverClustering-Client","Enabled":1,"Content":{"EnableLevel":0,"EnableProperty":1,"Enabled":1,"LoggerName":"EventLog-System","MatchAllKeyword":0,"MatchAnyKeyword":9223372036854775808,"Status":0}}
{"Mtime":"2025-07-18T10:56:35.5353299Z","GUID":"{3e59a529-b0b3-4a11-8129-9ffe6bb46eb9}","_RegKey":"HKEY_LOCAL_MACHINE\\SYSTEM\\CurrentControlSet\\Control\\WMI\\Autologger\\EventLog-System\\{3e59a529-b0b3-4a11-8129-9ffe6bb46eb9}","ProviderName":"Microsoft-Windows-Fat-SQM","Enabled":1,"Content":{"EnableLevel":0,"EnableProperty":1,"Enabled":1,"LoggerName":"EventLog-System","MatchAllKeyword":0,"MatchAnyKeyword":9223372036854775808,"Status":0}}
{"Mtime":"2025-07-18T10:56:35.5353299Z","GUID":"{6b93bf66-a922-4c11-a617-cf60d95c133d}","_RegKey":"HKEY_LOCAL_MACHINE\\SYSTEM\\CurrentControlSet\\Control\\WMI\\Autologger\\EventLog-System\\{6b93bf66-a922-4c11-a617-cf60d95c133d}","ProviderName":"Microsoft-Windows-Fault-Tolerant-Heap","Enabled":1,"Content":{"EnableLevel":0,"EnableProperty":1,"Enabled":1,"LoggerName":"EventLog-System","MatchAllKeyword":0,"MatchAnyKeyword":13835058055282163712,"Status":0}}
{"Mtime":"2025-07-18T10:56:35.5553597Z","GUID":"{f3c5e28e-63f6-49c7-a204-e48a1bc4b09d}","_RegKey":"HKEY_LOCAL_MACHINE\\SYSTEM\\CurrentControlSet\\Control\\WMI\\Autologger\\EventLog-System\\{f3c5e28e-63f6-49c7-a204-e48a1bc4b09d}","ProviderName":"Microsoft-Windows-FilterManager","Enabled":1,"Content":{"EnableLevel":0,"EnableProperty":1,"Enabled":1,"LoggerName":"EventLog-System","MatchAllKeyword":0,"MatchAnyKeyword":9223372036854775808,"Status":0}}
{"Mtime":"2025-07-18T10:56:35.5553597Z","GUID":"{e595f735-b42a-494b-afcd-b68666945cd3}","_RegKey":"HKEY_LOCAL_MACHINE\\SYSTEM\\CurrentControlSet\\Control\\WMI\\Autologger\\EventLog-System\\{e595f735-b42a-494b-afcd-b68666945cd3}","ProviderName":"Microsoft-Windows-Firewall","Enabled":1,"Content":{"EnableLevel":0,"EnableProperty":1,"Enabled":1,"LoggerName":"EventLog-System","MatchAllKeyword":0,"MatchAnyKeyword":9223372036854775808,"Status":0}}
{"Mtime":"2025-07-18T10:56:35.5353299Z","GUID":"{538cbbad-4877-4eb2-b26e-7caee8f0f8cb}","_RegKey":"HKEY_LOCAL_MACHINE\\SYSTEM\\CurrentControlSet\\Control\\WMI\\Autologger\\EventLog-System\\{538cbbad-4877-4eb2-b26e-7caee8f0f8cb}","ProviderName":"Microsoft-Windows-FunctionDiscoveryHost","Enabled":1,"Content":{"EnableLevel":0,"EnableProperty":1,"Enabled":1,"LoggerName":"EventLog-System","MatchAllKeyword":0,"MatchAnyKeyword":9223372036854775808,"Status":0}}
{"Mtime":"2025-07-18T10:56:35.5353299Z","GUID":"{55ab77f6-fa04-43ef-af45-688fbf500482}","_RegKey":"HKEY_LOCAL_MACHINE\\SYSTEM\\CurrentControlSet\\Control\\WMI\\Autologger\\EventLog-System\\{55ab77f6-fa04-43ef-af45-688fbf500482}","ProviderName":"Microsoft-Windows-GPIO-ClassExtension","Enabled":1,"Content":{"EnableLevel":0,"EnableProperty":1,"Enabled":1,"LoggerName":"EventLog-System","MatchAllKeyword":0,"MatchAnyKeyword":4611686018427387904,"Status":0}}
{"Mtime":"2025-07-18T10:56:35.5553597Z","GUID":"{aea1b4fa-97d1-45f2-a64c-4d69fffd92c9}","_RegKey":"HKEY_LOCAL_MACHINE\\SYSTEM\\CurrentControlSet\\Control\\WMI\\Autologger\\EventLog-System\\{aea1b4fa-97d1-45f2-a64c-4d69fffd92c9}","ProviderName":"Microsoft-Windows-GroupPolicy","Enabled":1,"Content":{"EnableLevel":0,"EnableProperty":1,"Enabled":1,"LoggerName":"EventLog-System","MatchAllKeyword":0,"MatchAnyKeyword":13835058055282163712,"Status":0}}
{"Mtime":"2025-07-18T10:56:35.5353299Z","GUID":"{63d1e632-95cc-4443-9312-af927761d52a}","_RegKey":"HKEY_LOCAL_MACHINE\\SYSTEM\\CurrentControlSet\\Control\\WMI\\Autologger\\EventLog-System\\{63d1e632-95cc-4443-9312-af927761d52a}","ProviderName":"Microsoft-Windows-HAL","Enabled":1,"Content":{"EnableLevel":0,"EnableProperty":1,"Enabled":1,"LoggerName":"EventLog-System","MatchAllKeyword":0,"MatchAnyKeyword":9223372036854775808,"Status":0}}
{"Mtime":"2025-07-18T10:56:35.5353299Z","GUID":"{7b6bc78c-898b-4170-bbf8-1a469ea43fc5}","_RegKey":"HKEY_LOCAL_MACHINE\\SYSTEM\\CurrentControlSet\\Control\\WMI\\Autologger\\EventLog-System\\{7b6bc78c-898b-4170-bbf8-1a469ea43fc5}","ProviderName":"Microsoft-Windows-HttpEvent","Enabled":1,"Content":{"EnableLevel":0,"EnableProperty":1,"Enabled":1,"LoggerName":"EventLog-System","MatchAllKeyword":0,"MatchAnyKeyword":9223372036854775808,"Status":0}}
{"Mtime":"2025-07-18T10:56:35.5553597Z","GUID":"{dd5ef90a-6398-47a4-ad34-4dcecdef795f}","_RegKey":"HKEY_LOCAL_MACHINE\\SYSTEM\\CurrentControlSet\\Control\\WMI\\Autologger\\EventLog-System\\{dd5ef90a-6398-47a4-ad34-4dcecdef795f}","ProviderName":"Microsoft-Windows-HttpService","Enabled":1,"Content":{"EnableLevel":0,"EnableProperty":1,"Enabled":1,"LoggerName":"EventLog-System","MatchAllKeyword":0,"MatchAnyKeyword":4611686018427387904,"Status":0}}
{"Mtime":"2025-07-18T10:56:35.5553597Z","GUID":"{ba2ffb5c-e20a-4fb9-91b4-45f61b4b66a0}","_RegKey":"HKEY_LOCAL_MACHINE\\SYSTEM\\CurrentControlSet\\Control\\WMI\\Autologger\\EventLog-System\\{ba2ffb5c-e20a-4fb9-91b4-45f61b4b66a0}","ProviderName":"Microsoft-Windows-Hyper-V-Guest-Drivers-Dynamic-Memory","Enabled":1,"Content":{"EnableLevel":0,"EnableProperty":1,"Enabled":1,"LoggerName":"EventLog-System","MatchAllKeyword":0,"MatchAnyKeyword":576460752303423488,"Status":0}}
{"Mtime":"2025-07-18T10:56:35.5553597Z","GUID":"{c18672d1-dc18-4dfd-91e4-170cf37160cf}","_RegKey":"HKEY_LOCAL_MACHINE\\SYSTEM\\CurrentControlSet\\Control\\WMI\\Autologger\\EventLog-System\\{c18672d1-dc18-4dfd-91e4-170cf37160cf}","ProviderName":"Microsoft-Windows-Hyper-V-Guest-Drivers-IcSvc","Enabled":1,"Content":{"EnableLevel":0,"EnableProperty":1,"Enabled":1,"LoggerName":"EventLog-System","MatchAllKeyword":0,"MatchAnyKeyword":4611686018427387904,"Status":0}}
{"Mtime":"2025-07-18T10:56:35.5353299Z","GUID":"{0b9fdccc-451c-449c-9bd8-6756fcc6091a}","_RegKey":"HKEY_LOCAL_MACHINE\\SYSTEM\\CurrentControlSet\\Control\\WMI\\Autologger\\EventLog-System\\{0b9fdccc-451c-449c-9bd8-6756fcc6091a}","ProviderName":"Microsoft-Windows-Hyper-V-Guest-Drivers-Storage-Filter","Enabled":1,"Content":{"EnableLevel":0,"EnableProperty":1,"Enabled":1,"LoggerName":"EventLog-System","MatchAllKeyword":0,"MatchAnyKeyword":4611686018427387904,"Status":0}}
{"Mtime":"2025-07-18T10:56:35.5553597Z","GUID":"{f2e2ce31-0e8a-4e46-a03b-2e0fe97e93c2}","_RegKey":"HKEY_LOCAL_MACHINE\\SYSTEM\\CurrentControlSet\\Control\\WMI\\Autologger\\EventLog-System\\{f2e2ce31-0e8a-4e46-a03b-2e0fe97e93c2}","ProviderName":"Microsoft-Windows-Hyper-V-Guest-Drivers-Vmbus","Enabled":1,"Content":{"EnableLevel":0,"EnableProperty":1,"Enabled":1,"LoggerName":"EventLog-System","MatchAllKeyword":0,"MatchAnyKeyword":9223372036854775808,"Status":0}}
{"Mtime":"2025-07-18T10:56:35.5353299Z","GUID":"{52fc89f8-995e-434c-a91e-199986449890}","_RegKey":"HKEY_LOCAL_MACHINE\\SYSTEM\\CurrentControlSet\\Control\\WMI\\Autologger\\EventLog-System\\{52fc89f8-995e-434c-a91e-199986449890}","ProviderName":"Microsoft-Windows-Hyper-V-Hypervisor","Enabled":1,"Content":{"EnableLevel":0,"EnableProperty":1,"Enabled":1,"LoggerName":"EventLog-System","MatchAllKeyword":0,"MatchAnyKeyword":16140901064495857664,"Status":0}}
{"Mtime":"2025-07-24T01:39:29.4554561Z","GUID":"{152fbe4b-c7ad-4f68-bada-a4fcc1464f6c}","_RegKey":"HKEY_LOCAL_MACHINE\\SYSTEM\\CurrentControlSet\\Control\\WMI\\Autologger\\EventLog-System\\{152fbe4b-c7ad-4f68-bada-a4fcc1464f6c}","ProviderName":"Microsoft-Windows-Hyper-V-Netvsc","Enabled":1,"Content":{"EnableLevel":0,"EnableProperty":1,"Enabled":1,"LoggerName":"EventLog-System","MatchAllKeyword":0,"MatchAnyKeyword":9223372036854775808,"Status":0}}
{"Mtime":"2025-07-18T10:56:35.5353299Z","GUID":"{5931d877-4860-4ee7-a95c-610a5f0d1407}","_RegKey":"HKEY_LOCAL_MACHINE\\SYSTEM\\CurrentControlSet\\Control\\WMI\\Autologger\\EventLog-System\\{5931d877-4860-4ee7-a95c-610a5f0d1407}","ProviderName":"Microsoft-Windows-Hyper-V-VID","Enabled":1,"Content":{"EnableLevel":0,"EnableProperty":1,"Enabled":1,"LoggerName":"EventLog-System","MatchAllKeyword":0,"MatchAnyKeyword":4611686018427387904,"Status":0}}
{"Mtime":"2025-07-18T10:56:35.5353299Z","GUID":"{66a5c15c-4f8e-4044-bf6e-71d896038977}","_RegKey":"HKEY_LOCAL_MACHINE\\SYSTEM\\CurrentControlSet\\Control\\WMI\\Autologger\\EventLog-System\\{66a5c15c-4f8e-4044-bf6e-71d896038977}","ProviderName":"Microsoft-Windows-Iphlpsvc","Enabled":1,"Content":{"EnableLevel":0,"EnableProperty":1,"Enabled":1,"LoggerName":"EventLog-System","MatchAllKeyword":0,"MatchAnyKeyword":9223372036854775808,"Status":0}}
{"Mtime":"2025-07-18T10:56:35.5353299Z","GUID":"{73a33ab2-1966-4999-8add-868c41415269}","_RegKey":"HKEY_LOCAL_MACHINE\\SYSTEM\\CurrentControlSet\\Control\\WMI\\Autologger\\EventLog-System\\{73a33ab2-1966-4999-8add-868c41415269}","ProviderName":"Microsoft-Windows-IsolatedUserMode","Enabled":1,"Content":{"EnableLevel":0,"EnableProperty":1,"Enabled":1,"LoggerName":"EventLog-System","MatchAllKeyword":0,"MatchAnyKeyword":9223372036854775808,"Status":0}}
{"Mtime":"2025-07-18T10:56:35.5353299Z","GUID":"{89203471-d554-47d4-bde4-7552ec219999}","_RegKey":"HKEY_LOCAL_MACHINE\\SYSTEM\\CurrentControlSet\\Control\\WMI\\Autologger\\EventLog-System\\{89203471-d554-47d4-bde4-7552ec219999}","ProviderName":"Microsoft-Windows-KdsSvc","Enabled":1,"Content":{"EnableLevel":0,"EnableProperty":1,"Enabled":1,"LoggerName":"EventLog-System","MatchAllKeyword":0,"MatchAnyKeyword":9223372036854775808,"Status":0}}
{"Mtime":"2025-07-18T10:56:35.5353299Z","GUID":"{15ca44ff-4d7a-4baa-bba5-0998955e531e}","_RegKey":"HKEY_LOCAL_MACHINE\\SYSTEM\\CurrentControlSet\\Control\\WMI\\Autologger\\EventLog-System\\{15ca44ff-4d7a-4baa-bba5-0998955e531e}","ProviderName":"Microsoft-Windows-Kernel-Boot","Enabled":1,"Content":{"EnableLevel":0,"EnableProperty":1,"Enabled":1,"LoggerName":"EventLog-System","MatchAllKeyword":0,"MatchAnyKeyword":11529215046068469760,"Status":0}}
{"Mtime":"2025-07-18T10:56:35.5553597Z","GUID":"{b675ec37-bdb6-4648-bc92-f3fdc74d3ca2}","_RegKey":"HKEY_LOCAL_MACHINE\\SYSTEM\\CurrentControlSet\\Control\\WMI\\Autologger\\EventLog-System\\{b675ec37-bdb6-4648-bc92-f3fdc74d3ca2}","ProviderName":"Microsoft-Windows-Kernel-EventTracing","Enabled":1,"Content":{"EnableLevel":0,"EnableProperty":1,"Enabled":1,"LoggerName":"EventLog-System","MatchAllKeyword":0,"MatchAnyKeyword":9223372036854775808,"Status":0}}
{"Mtime":"2025-07-18T10:56:35.5353299Z","GUID":"{a68ca8b7-004f-d7b6-a698-07e2de0f1f5d}","_RegKey":"HKEY_LOCAL_MACHINE\\SYSTEM\\CurrentControlSet\\Control\\WMI\\Autologger\\EventLog-System\\{a68ca8b7-004f-d7b6-a698-07e2de0f1f5d}","ProviderName":"Microsoft-Windows-Kernel-General","Enabled":1,"Content":{"EnableLevel":0,"EnableProperty":1,"Enabled":1,"LoggerName":"EventLog-System","MatchAllKeyword":0,"MatchAnyKeyword":9223372036854775808,"Status":0}}
{"Mtime":"2025-07-18T10:56:35.5353299Z","GUID":"{abf1f586-2e50-4ba8-928d-49044e6f0db7}","_RegKey":"HKEY_LOCAL_MACHINE\\SYSTEM\\CurrentControlSet\\Control\\WMI\\Autologger\\EventLog-System\\{abf1f586-2e50-4ba8-928d-49044e6f0db7}","ProviderName":"Microsoft-Windows-Kernel-IO","Enabled":1,"Content":{"EnableLevel":0,"EnableProperty":1,"Enabled":1,"LoggerName":"EventLog-System","MatchAllKeyword":0,"MatchAnyKeyword":13835058055282163712,"Status":0}}
{"Mtime":"2025-07-18T10:56:35.5353299Z","GUID":"{951b41ea-c830-44dc-a671-e2c9958809b8}","_RegKey":"HKEY_LOCAL_MACHINE\\SYSTEM\\CurrentControlSet\\Control\\WMI\\Autologger\\EventLog-System\\{951b41ea-c830-44dc-a671-e2c9958809b8}","ProviderName":"Microsoft-Windows-Kernel-Interrupt-Steering","Enabled":1,"Content":{"EnableLevel":0,"EnableProperty":1,"Enabled":1,"LoggerName":"EventLog-System","MatchAllKeyword":0,"MatchAnyKeyword":9223372036854775808,"Status":0}}
{"Mtime":"2025-07-18T10:56:35.5553597Z","GUID":"{bef2aa8e-81cd-11e2-a7bb-5eac6188709b}","_RegKey":"HKEY_LOCAL_MACHINE\\SYSTEM\\CurrentControlSet\\Control\\WMI\\Autologger\\EventLog-System\\{bef2aa8e-81cd-11e2-a7bb-5eac6188709b}","ProviderName":"Microsoft-Windows-Kernel-LiveDump","Enabled":1,"Content":{"EnableLevel":0,"EnableProperty":1,"Enabled":1,"LoggerName":"EventLog-System","MatchAllKeyword":0,"MatchAnyKeyword":4611686018427387904,"Status":0}}
{"Mtime":"2025-07-18T10:56:35.5353299Z","GUID":"{9c205a39-1250-487d-abd7-e831c6290539}","_RegKey":"HKEY_LOCAL_MACHINE\\SYSTEM\\CurrentControlSet\\Control\\WMI\\Autologger\\EventLog-System\\{9c205a39-1250-487d-abd7-e831c6290539}","ProviderName":"Microsoft-Windows-Kernel-PnP","Enabled":1,"Content":{"EnableLevel":0,"EnableProperty":1,"Enabled":1,"LoggerName":"EventLog-System","MatchAllKeyword":0,"MatchAnyKeyword":13979173243358019584,"Status":0}}
{"Mtime":"2025-07-18T10:56:35.5353299Z","GUID":"{331c3b3a-2005-44c2-ac5e-77220c37d6b4}","_RegKey":"HKEY_LOCAL_MACHINE\\SYSTEM\\CurrentControlSet\\Control\\WMI\\Autologger\\EventLog-System\\{331c3b3a-2005-44c2-ac5e-77220c37d6b4}","ProviderName":"Microsoft-Windows-Kernel-Power","Enabled":1,"Content":{"EnableLevel":0,"EnableProperty":1,"Enabled":1,"LoggerName":"EventLog-System","MatchAllKeyword":0,"MatchAnyKeyword":10376293541461622784,"Status":0}}
{"Mtime":"2025-07-18T10:56:35.5353299Z","GUID":"{0f67e49f-fe51-4e9f-b490-6f2948cc6027}","_RegKey":"HKEY_LOCAL_MACHINE\\SYSTEM\\CurrentControlSet\\Control\\WMI\\Autologger\\EventLog-System\\{0f67e49f-fe51-4e9f-b490-6f2948cc6027}","ProviderName":"Microsoft-Windows-Kernel-Processor-Power","Enabled":1,"Content":{"EnableLevel":0,"EnableProperty":1,"Enabled":1,"LoggerName":"EventLog-System","MatchAllKeyword":0,"MatchAnyKeyword":9223372036854775808,"Status":0}}
{"Mtime":"2025-07-18T10:56:35.5353299Z","GUID":"{0bf2fb94-7b60-4b4d-9766-e82f658df540}","_RegKey":"HKEY_LOCAL_MACHINE\\SYSTEM\\CurrentControlSet\\Control\\WMI\\Autologger\\EventLog-System\\{0bf2fb94-7b60-4b4d-9766-e82f658df540}","ProviderName":"Microsoft-Windows-Kernel-ShimEngine","Enabled":1,"Content":{"EnableLevel":0,"EnableProperty":1,"Enabled":1,"LoggerName":"EventLog-System","MatchAllKeyword":0,"MatchAnyKeyword":4611686018427387904,"Status":0}}
{"Mtime":"2025-07-18T10:56:35.5353299Z","GUID":"{a6ad76e3-867a-4635-91b3-4904ba6374d7}","_RegKey":"HKEY_LOCAL_MACHINE\\SYSTEM\\CurrentControlSet\\Control\\WMI\\Autologger\\EventLog-System\\{a6ad76e3-867a-4635-91b3-4904ba6374d7}","ProviderName":"Microsoft-Windows-Kernel-StoreMgr","Enabled":1,"Content":{"EnableLevel":0,"EnableProperty":1,"Enabled":1,"LoggerName":"EventLog-System","MatchAllKeyword":0,"MatchAnyKeyword":4611686018427387904,"Status":0}}
{"Mtime":"2025-07-18T10:56:35.5353299Z","GUID":"{4cec9c95-a65f-4591-b5c4-30100e51d870}","_RegKey":"HKEY_LOCAL_MACHINE\\SYSTEM\\CurrentControlSet\\Control\\WMI\\Autologger\\EventLog-System\\{4cec9c95-a65f-4591-b5c4-30100e51d870}","ProviderName":"Microsoft-Windows-Kernel-Tm","Enabled":1,"Content":{"EnableLevel":0,"EnableProperty":1,"Enabled":1,"LoggerName":"EventLog-System","MatchAllKeyword":0,"MatchAnyKeyword":9223372036854775808,"Status":0}}
{"Mtime":"2025-07-18T10:56:35.5353299Z","GUID":"{2ff3e6b7-cb90-4700-9621-443f389734ed}","_RegKey":"HKEY_LOCAL_MACHINE\\SYSTEM\\CurrentControlSet\\Control\\WMI\\Autologger\\EventLog-System\\{2ff3e6b7-cb90-4700-9621-443f389734ed}","ProviderName":"Microsoft-Windows-Kernel-WDI","Enabled":1,"Content":{"EnableLevel":0,"EnableProperty":1,"Enabled":1,"LoggerName":"EventLog-System","MatchAllKeyword":0,"MatchAnyKeyword":2305843009213693952,"Status":0}}
{"Mtime":"2025-07-18T10:56:35.5353299Z","GUID":"{7b563579-53c8-44e7-8236-0f87b9fe6594}","_RegKey":"HKEY_LOCAL_MACHINE\\SYSTEM\\CurrentControlSet\\Control\\WMI\\Autologger\\EventLog-System\\{7b563579-53c8-44e7-8236-0f87b9fe6594}","ProviderName":"Microsoft-Windows-Kernel-WHEA","Enabled":1,"Content":{"EnableLevel":0,"EnableProperty":1,"Enabled":1,"LoggerName":"EventLog-System","MatchAllKeyword":0,"MatchAnyKeyword":16140901064495857664,"Status":0}}
{"Mtime":"2025-07-18T10:56:35.5553597Z","GUID":"{f029ac39-38f0-4a40-b7de-404d244004cb}","_RegKey":"HKEY_LOCAL_MACHINE\\SYSTEM\\CurrentControlSet\\Control\\WMI\\Autologger\\EventLog-System\\{f029ac39-38f0-4a40-b7de-404d244004cb}","ProviderName":"Microsoft-Windows-Kernel-XDV","Enabled":1,"Content":{"EnableLevel":0,"EnableProperty":1,"Enabled":1,"LoggerName":"EventLog-System","MatchAllKeyword":0,"MatchAnyKeyword":4611686018427387904,"Status":0}}
{"Mtime":"2025-07-18T10:56:35.5353299Z","GUID":"{84de80eb-86e8-4ff6-85a6-9319abd578a4}","_RegKey":"HKEY_LOCAL_MACHINE\\SYSTEM\\CurrentControlSet\\Control\\WMI\\Autologger\\EventLog-System\\{84de80eb-86e8-4ff6-85a6-9319abd578a4}","ProviderName":"Microsoft-Windows-KeyboardFilter","Enabled":1,"Content":{"EnableLevel":0,"EnableProperty":1,"Enabled":1,"LoggerName":"EventLog-System","MatchAllKeyword":0,"MatchAnyKeyword":4611686018427387904,"Status":0}}
{"Mtime":"2025-07-24T08:27:16.778716Z","GUID":"{4fcc72a9-d7ca-5dd2-8d34-6f41a0cdb7e0}","_RegKey":"HKEY_LOCAL_MACHINE\\SYSTEM\\CurrentControlSet\\Control\\WMI\\Autologger\\EventLog-System\\{4fcc72a9-d7ca-5dd2-8d34-6f41a0cdb7e0}","ProviderName":"Microsoft-Windows-LAPS","Enabled":1,"Content":{"EnableLevel":0,"EnableProperty":1,"Enabled":1,"LoggerName":"EventLog-System","MatchAllKeyword":0,"MatchAnyKeyword":9223372036854775808,"Status":0}}
{"Mtime":"2025-07-18T10:56:35.5353299Z","GUID":"{7237fff9-a08a-4804-9c79-4a8704b70b87}","_RegKey":"HKEY_LOCAL_MACHINE\\SYSTEM\\CurrentControlSet\\Control\\WMI\\Autologger\\EventLog-System\\{7237fff9-a08a-4804-9c79-4a8704b70b87}","ProviderName":"Microsoft-Windows-LanguagePackSetup","Enabled":1,"Content":{"EnableLevel":0,"EnableProperty":1,"Enabled":1,"LoggerName":"EventLog-System","MatchAllKeyword":0,"MatchAnyKeyword":13835058055282163712,"Status":0}}
{"Mtime":"2025-07-18T10:56:35.5353299Z","GUID":"{05f02597-fe85-4e67-8542-69567ab8fd4f}","_RegKey":"HKEY_LOCAL_MACHINE\\SYSTEM\\CurrentControlSet\\Control\\WMI\\Autologger\\EventLog-System\\{05f02597-fe85-4e67-8542-69567ab8fd4f}","ProviderName":"Microsoft-Windows-LiveId","Enabled":1,"Content":{"EnableLevel":0,"EnableProperty":1,"Enabled":1,"LoggerName":"EventLog-System","MatchAllKeyword":0,"MatchAnyKeyword":4611686018427387904,"Status":0}}
{"Mtime":"2025-07-18T10:56:35.5353299Z","GUID":"{a8a1f2f6-a13a-45e9-b1fe-3419569e5ef2}","_RegKey":"HKEY_LOCAL_MACHINE\\SYSTEM\\CurrentControlSet\\Control\\WMI\\Autologger\\EventLog-System\\{a8a1f2f6-a13a-45e9-b1fe-3419569e5ef2}","ProviderName":"Microsoft-Windows-MUI","Enabled":1,"Content":{"EnableLevel":0,"EnableProperty":1,"Enabled":1,"LoggerName":"EventLog-System","MatchAllKeyword":0,"MatchAnyKeyword":13835058055282163712,"Status":0}}
{"Mtime":"2025-07-18T10:56:35.5553597Z","GUID":"{babda89a-4d5e-48eb-af3d-e0e8410207c0}","_RegKey":"HKEY_LOCAL_MACHINE\\SYSTEM\\CurrentControlSet\\Control\\WMI\\Autologger\\EventLog-System\\{babda89a-4d5e-48eb-af3d-e0e8410207c0}","ProviderName":"Microsoft-Windows-Memory-Diagnostic-Task-Handler","Enabled":1,"Content":{"EnableLevel":0,"EnableProperty":1,"Enabled":1,"LoggerName":"EventLog-System","MatchAllKeyword":0,"MatchAnyKeyword":9223372036854775808,"Status":0}}
{"Mtime":"2025-07-18T10:56:35.5353299Z","GUID":"{5f92bc59-248f-4111-86a9-e393e12c6139}","_RegKey":"HKEY_LOCAL_MACHINE\\SYSTEM\\CurrentControlSet\\Control\\WMI\\Autologger\\EventLog-System\\{5f92bc59-248f-4111-86a9-e393e12c6139}","ProviderName":"Microsoft-Windows-MemoryDiagnostics-Results","Enabled":1,"Content":{"EnableLevel":0,"EnableProperty":1,"Enabled":1,"LoggerName":"EventLog-System","MatchAllKeyword":0,"MatchAnyKeyword":13835058055282163712,"Status":0}}
{"Mtime":"2025-07-18T10:56:35.5353299Z","GUID":"{73e9c9de-a148-41f7-b1db-4da051fdc327}","_RegKey":"HKEY_LOCAL_MACHINE\\SYSTEM\\CurrentControlSet\\Control\\WMI\\Autologger\\EventLog-System\\{73e9c9de-a148-41f7-b1db-4da051fdc327}","ProviderName":"Microsoft-Windows-MemoryDiagnostics-Schedule","Enabled":1,"Content":{"EnableLevel":0,"EnableProperty":1,"Enabled":1,"LoggerName":"EventLog-System","MatchAllKeyword":0,"MatchAnyKeyword":9223372036854775808,"Status":0}}
{"Mtime":"2025-07-18T10:56:35.5553597Z","GUID":"{e3bac9f8-27be-4823-8d7f-1cc320c05fa7}","_RegKey":"HKEY_LOCAL_MACHINE\\SYSTEM\\CurrentControlSet\\Control\\WMI\\Autologger\\EventLog-System\\{e3bac9f8-27be-4823-8d7f-1cc320c05fa7}","ProviderName":"Microsoft-Windows-MountMgr","Enabled":1,"Content":{"EnableLevel":0,"EnableProperty":1,"Enabled":1,"LoggerName":"EventLog-System","MatchAllKeyword":0,"MatchAnyKeyword":9223372036854775808,"Status":0}}
{"Mtime":"2025-07-18T10:56:35.5553597Z","GUID":"{cdead503-17f5-4a3e-b7ae-df8cc2902eb9}","_RegKey":"HKEY_LOCAL_MACHINE\\SYSTEM\\CurrentControlSet\\Control\\WMI\\Autologger\\EventLog-System\\{cdead503-17f5-4a3e-b7ae-df8cc2902eb9}","ProviderName":"Microsoft-Windows-NDIS","Enabled":1,"Content":{"EnableLevel":0,"EnableProperty":1,"Enabled":1,"LoggerName":"EventLog-System","MatchAllKeyword":0,"MatchAnyKeyword":2305843009213693952,"Status":0}}
{"Mtime":"2025-07-18T10:56:35.5353299Z","GUID":"{ac43300d-5fcc-4800-8e99-1bd3f85f0320}","_RegKey":"HKEY_LOCAL_MACHINE\\SYSTEM\\CurrentControlSet\\Control\\WMI\\Autologger\\EventLog-System\\{ac43300d-5fcc-4800-8e99-1bd3f85f0320}","ProviderName":"Microsoft-Windows-NTLM","Enabled":1,"Content":{"EnableLevel":0,"EnableProperty":1,"Enabled":1,"LoggerName":"EventLog-System","MatchAllKeyword":0,"MatchAnyKeyword":9223372036854775808,"Status":0}}
{"Mtime":"2025-07-18T10:56:35.5353299Z","GUID":"{11c5d8ad-756a-42c2-8087-eb1b4a72a846}","_RegKey":"HKEY_LOCAL_MACHINE\\SYSTEM\\CurrentControlSet\\Control\\WMI\\Autologger\\EventLog-System\\{11c5d8ad-756a-42c2-8087-eb1b4a72a846}","ProviderName":"Microsoft-Windows-NdisImPlatformEventProvider","Enabled":1,"Content":{"EnableLevel":0,"EnableProperty":1,"Enabled":1,"LoggerName":"EventLog-System","MatchAllKeyword":0,"MatchAnyKeyword":9223372036854775808,"Status":0}}
{"Mtime":"2025-07-18T10:56:35.5353299Z","GUID":"{62de9e48-90c6-4755-8813-6a7d655b0802}","_RegKey":"HKEY_LOCAL_MACHINE\\SYSTEM\\CurrentControlSet\\Control\\WMI\\Autologger\\EventLog-System\\{62de9e48-90c6-4755-8813-6a7d655b0802}","ProviderName":"Microsoft-Windows-NdisImPlatformSysEvtProvider","Enabled":1,"Content":{"EnableLevel":0,"EnableProperty":1,"Enabled":1,"LoggerName":"EventLog-System","MatchAllKeyword":0,"MatchAnyKeyword":9223372036854775808,"Status":0}}
{"Mtime":"2025-07-18T10:56:35.5353299Z","GUID":"{a67075c2-3e39-4109-b6cd-6d750058a731}","_RegKey":"HKEY_LOCAL_MACHINE\\SYSTEM\\CurrentControlSet\\Control\\WMI\\Autologger\\EventLog-System\\{a67075c2-3e39-4109-b6cd-6d750058a731}","ProviderName":"Microsoft-Windows-NetworkBridge","Enabled":1,"Content":{"EnableLevel":0,"EnableProperty":1,"Enabled":1,"LoggerName":"EventLog-System","MatchAllKeyword":0,"MatchAnyKeyword":9223372036854775808,"Status":0}}
{"Mtime":"2025-07-18T10:56:35.5353299Z","GUID":"{1e9a4978-78c2-441e-8858-75b5d1326bc5}","_RegKey":"HKEY_LOCAL_MACHINE\\SYSTEM\\CurrentControlSet\\Control\\WMI\\Autologger\\EventLog-System\\{1e9a4978-78c2-441e-8858-75b5d1326bc5}","ProviderName":"Microsoft-Windows-NetworkProvider","Enabled":1,"Content":{"EnableLevel":0,"EnableProperty":1,"Enabled":1,"LoggerName":"EventLog-System","MatchAllKeyword":0,"MatchAnyKeyword":9223372036854775808,"Status":0}}
{"Mtime":"2025-07-18T10:56:35.5353299Z","GUID":"{3ff37a1c-a68d-4d6e-8c9b-f79e8b16c482}","_RegKey":"HKEY_LOCAL_MACHINE\\SYSTEM\\CurrentControlSet\\Control\\WMI\\Autologger\\EventLog-System\\{3ff37a1c-a68d-4d6e-8c9b-f79e8b16c482}","ProviderName":"Microsoft-Windows-Ntfs","Enabled":1,"Content":{"EnableLevel":0,"EnableProperty":1,"Enabled":1,"LoggerName":"EventLog-System","MatchAllKeyword":0,"MatchAnyKeyword":16140901064495857664,"Status":0}}
{"Mtime":"2025-07-18T10:56:35.5353299Z","GUID":"{8e6a5303-a4ce-498f-afdb-e03a8a82b077}","_RegKey":"HKEY_LOCAL_MACHINE\\SYSTEM\\CurrentControlSet\\Control\\WMI\\Autologger\\EventLog-System\\{8e6a5303-a4ce-498f-afdb-e03a8a82b077}","ProviderName":"Microsoft-Windows-Ntfs-UBPM","Enabled":1,"Content":{"EnableLevel":0,"EnableProperty":1,"Enabled":1,"LoggerName":"EventLog-System","MatchAllKeyword":0,"MatchAnyKeyword":9223372036854775808,"Status":0}}
{"Mtime":"2025-07-18T10:56:35.5353299Z","GUID":"{2bef5442-d402-5a72-58e1-cb7e491bf179}","_RegKey":"HKEY_LOCAL_MACHINE\\SYSTEM\\CurrentControlSet\\Control\\WMI\\Autologger\\EventLog-System\\{2bef5442-d402-5a72-58e1-cb7e491bf179}","ProviderName":"Microsoft-Windows-OcpUpdateAgent","Enabled":1,"Content":{"EnableLevel":0,"EnableProperty":1,"Enabled":1,"LoggerName":"EventLog-System","MatchAllKeyword":0,"MatchAnyKeyword":9223372036854775808,"Status":0}}
{"Mtime":"2025-07-18T10:56:35.5353299Z","GUID":"{95353826-4fbe-41d4-9c42-f521c6e86360}","_RegKey":"HKEY_LOCAL_MACHINE\\SYSTEM\\CurrentControlSet\\Control\\WMI\\Autologger\\EventLog-System\\{95353826-4fbe-41d4-9c42-f521c6e86360}","ProviderName":"Microsoft-Windows-OfflineFiles","Enabled":1,"Content":{"EnableLevel":0,"EnableProperty":1,"Enabled":1,"LoggerName":"EventLog-System","MatchAllKeyword":0,"MatchAnyKeyword":9223372036854775808,"Status":0}}
{"Mtime":"2025-07-18T10:56:35.5353299Z","GUID":"{46c78e5c-a213-46a8-8a6b-622f6916201d}","_RegKey":"HKEY_LOCAL_MACHINE\\SYSTEM\\CurrentControlSet\\Control\\WMI\\Autologger\\EventLog-System\\{46c78e5c-a213-46a8-8a6b-622f6916201d}","ProviderName":"Microsoft-Windows-OverlayFilter","Enabled":1,"Content":{"EnableLevel":0,"EnableProperty":1,"Enabled":1,"LoggerName":"EventLog-System","MatchAllKeyword":0,"MatchAnyKeyword":9223372036854775808,"Status":0}}
{"Mtime":"2025-07-18T10:56:35.5353299Z","GUID":"{412bdff2-a8c4-470d-8f33-63fe0d8c20e2}","_RegKey":"HKEY_LOCAL_MACHINE\\SYSTEM\\CurrentControlSet\\Control\\WMI\\Autologger\\EventLog-System\\{412bdff2-a8c4-470d-8f33-63fe0d8c20e2}","ProviderName":"Microsoft-Windows-Partition","Enabled":1,"Content":{"EnableLevel":0,"EnableProperty":1,"Enabled":1,"LoggerName":"EventLog-System","MatchAllKeyword":0,"MatchAnyKeyword":9223372036854775808,"Status":0}}
{"Mtime":"2025-07-18T10:56:35.5353299Z","GUID":"{a7f2235f-be51-51ed-decf-f4498812a9a2}","_RegKey":"HKEY_LOCAL_MACHINE\\SYSTEM\\CurrentControlSet\\Control\\WMI\\Autologger\\EventLog-System\\{a7f2235f-be51-51ed-decf-f4498812a9a2}","ProviderName":"Microsoft-Windows-PersistentMemory-Nvdimm","Enabled":1,"Content":{"EnableLevel":0,"EnableProperty":1,"Enabled":1,"LoggerName":"EventLog-System","MatchAllKeyword":0,"MatchAnyKeyword":10376293541461622784,"Status":0}}
{"Mtime":"2025-07-18T10:56:35.5353299Z","GUID":"{0fa2ee03-1feb-5057-3bb3-eb25521b8482}","_RegKey":"HKEY_LOCAL_MACHINE\\SYSTEM\\CurrentControlSet\\Control\\WMI\\Autologger\\EventLog-System\\{0fa2ee03-1feb-5057-3bb3-eb25521b8482}","ProviderName":"Microsoft-Windows-PersistentMemory-PmemDisk","Enabled":1,"Content":{"EnableLevel":0,"EnableProperty":1,"Enabled":1,"LoggerName":"EventLog-System","MatchAllKeyword":0,"MatchAnyKeyword":10376293541461622784,"Status":0}}
{"Mtime":"2025-07-18T10:56:35.5553597Z","GUID":"{c03715ce-ea6f-5b67-4449-da1d1e1afeb8}","_RegKey":"HKEY_LOCAL_MACHINE\\SYSTEM\\CurrentControlSet\\Control\\WMI\\Autologger\\EventLog-System\\{c03715ce-ea6f-5b67-4449-da1d1e1afeb8}","ProviderName":"Microsoft-Windows-PersistentMemory-ScmBus","Enabled":1,"Content":{"EnableLevel":0,"EnableProperty":1,"Enabled":1,"LoggerName":"EventLog-System","MatchAllKeyword":0,"MatchAnyKeyword":3458764513820540928,"Status":0}}
{"Mtime":"2025-07-18T10:56:35.5353299Z","GUID":"{306c4e0b-e148-543d-315b-c618eb93157c}","_RegKey":"HKEY_LOCAL_MACHINE\\SYSTEM\\CurrentControlSet\\Control\\WMI\\Autologger\\EventLog-System\\{306c4e0b-e148-543d-315b-c618eb93157c}","ProviderName":"Microsoft-Windows-Power-Meter-Polling","Enabled":1,"Content":{"EnableLevel":0,"EnableProperty":1,"Enabled":1,"LoggerName":"EventLog-System","MatchAllKeyword":0,"MatchAnyKeyword":4611686018427387904,"Status":0}}
{"Mtime":"2025-07-18T10:56:35.5553597Z","GUID":"{cdc05e28-c449-49c6-b9d2-88cf761644df}","_RegKey":"HKEY_LOCAL_MACHINE\\SYSTEM\\CurrentControlSet\\Control\\WMI\\Autologger\\EventLog-System\\{cdc05e28-c449-49c6-b9d2-88cf761644df}","ProviderName":"Microsoft-Windows-Power-Troubleshooter","Enabled":1,"Content":{"EnableLevel":0,"EnableProperty":1,"Enabled":1,"LoggerName":"EventLog-System","MatchAllKeyword":0,"MatchAnyKeyword":9223372036854775808,"Status":0}}
{"Mtime":"2025-07-18T10:56:35.5353299Z","GUID":"{4cb314df-c11f-47d7-9c04-65fb0051561b}","_RegKey":"HKEY_LOCAL_MACHINE\\SYSTEM\\CurrentControlSet\\Control\\WMI\\Autologger\\EventLog-System\\{4cb314df-c11f-47d7-9c04-65fb0051561b}","ProviderName":"Microsoft-Windows-Program-Compatibility-Assistant","Enabled":1,"Content":{"EnableLevel":0,"EnableProperty":1,"Enabled":1,"LoggerName":"EventLog-System","MatchAllKeyword":0,"MatchAnyKeyword":1152921504606846976,"Status":0}}
{"Mtime":"2025-07-18T10:56:35.5553597Z","GUID":"{cd9c6198-bf73-4106-803b-c17d26559018}","_RegKey":"HKEY_LOCAL_MACHINE\\SYSTEM\\CurrentControlSet\\Control\\WMI\\Autologger\\EventLog-System\\{cd9c6198-bf73-4106-803b-c17d26559018}","ProviderName":"Microsoft-Windows-ReFS","Enabled":1,"Content":{"EnableLevel":0,"EnableProperty":1,"Enabled":1,"LoggerName":"EventLog-System","MatchAllKeyword":0,"MatchAnyKeyword":13835058055282163712,"Status":0}}
{"Mtime":"2025-07-18T10:56:35.5353299Z","GUID":"{059f0f37-910e-4ff0-a7ee-ae8d49dd319b}","_RegKey":"HKEY_LOCAL_MACHINE\\SYSTEM\\CurrentControlSet\\Control\\WMI\\Autologger\\EventLog-System\\{059f0f37-910e-4ff0-a7ee-ae8d49dd319b}","ProviderName":"Microsoft-Windows-ReFS-v1","Enabled":1,"Content":{"EnableLevel":0,"EnableProperty":1,"Enabled":1,"LoggerName":"EventLog-System","MatchAllKeyword":0,"MatchAnyKeyword":9223372036854775808,"Status":0}}
{"Mtime":"2025-07-18T10:56:35.5353299Z","GUID":"{2a274310-42d5-4019-b816-e4b8c7abe95c}","_RegKey":"HKEY_LOCAL_MACHINE\\SYSTEM\\CurrentControlSet\\Control\\WMI\\Autologger\\EventLog-System\\{2a274310-42d5-4019-b816-e4b8c7abe95c}","ProviderName":"Microsoft-Windows-ReadyBoostDriver","Enabled":1,"Content":{"EnableLevel":0,"EnableProperty":1,"Enabled":1,"LoggerName":"EventLog-System","MatchAllKeyword":0,"MatchAnyKeyword":4611686018427387904,"Status":0}}
{"Mtime":"2025-07-18T10:56:35.5353299Z","GUID":"{3903d5b9-988d-4c31-9ccd-4022f96703f0}","_RegKey":"HKEY_LOCAL_MACHINE\\SYSTEM\\CurrentControlSet\\Control\\WMI\\Autologger\\EventLog-System\\{3903d5b9-988d-4c31-9ccd-4022f96703f0}","ProviderName":"Microsoft-Windows-RemoteDesktopServices-RemoteFX-Synth3dvsc","Enabled":1,"Content":{"EnableLevel":0,"EnableProperty":1,"Enabled":1,"LoggerName":"EventLog-System","MatchAllKeyword":0,"MatchAnyKeyword":9223372036854775808,"Status":0}}
{"Mtime":"2025-07-18T10:56:35.5353299Z","GUID":"{a4445c76-ed85-c8a3-02c1-532a38614a9e}","_RegKey":"HKEY_LOCAL_MACHINE\\SYSTEM\\CurrentControlSet\\Control\\WMI\\Autologger\\EventLog-System\\{a4445c76-ed85-c8a3-02c1-532a38614a9e}","ProviderName":"Microsoft-Windows-ResetEng","Enabled":1,"Content":{"EnableLevel":0,"EnableProperty":1,"Enabled":1,"LoggerName":"EventLog-System","MatchAllKeyword":0,"MatchAnyKeyword":9223372036854775808,"Status":0}}
{"Mtime":"2025-07-18T10:56:35.5353299Z","GUID":"{9988748e-c2e8-4054-85f6-0c3e1cad2470}","_RegKey":"HKEY_LOCAL_MACHINE\\SYSTEM\\CurrentControlSet\\Control\\WMI\\Autologger\\EventLog-System\\{9988748e-c2e8-4054-85f6-0c3e1cad2470}","ProviderName":"Microsoft-Windows-Resource-Exhaustion-Detector","Enabled":1,"Content":{"EnableLevel":0,"EnableProperty":1,"Enabled":1,"LoggerName":"EventLog-System","MatchAllKeyword":0,"MatchAnyKeyword":13835058055282163712,"Status":0}}
{"Mtime":"2025-07-18T10:56:35.5353299Z","GUID":"{74c2135f-cc76-45c3-879a-ef3bb1eeaf86}","_RegKey":"HKEY_LOCAL_MACHINE\\SYSTEM\\CurrentControlSet\\Control\\WMI\\Autologger\\EventLog-System\\{74c2135f-cc76-45c3-879a-ef3bb1eeaf86}","ProviderName":"Microsoft-Windows-ResourcePublication","Enabled":1,"Content":{"EnableLevel":0,"EnableProperty":1,"Enabled":1,"LoggerName":"EventLog-System","MatchAllKeyword":0,"MatchAnyKeyword":9223372036854775808,"Status":0}}
{"Mtime":"2025-07-18T10:56:35.5353299Z","GUID":"{9f650c63-9409-453c-a652-83d7185a2e83}","_RegKey":"HKEY_LOCAL_MACHINE\\SYSTEM\\CurrentControlSet\\Control\\WMI\\Autologger\\EventLog-System\\{9f650c63-9409-453c-a652-83d7185a2e83}","ProviderName":"Microsoft-Windows-SCPNP","Enabled":1,"Content":{"EnableLevel":0,"EnableProperty":1,"Enabled":1,"LoggerName":"EventLog-System","MatchAllKeyword":0,"MatchAnyKeyword":9223372036854775808,"Status":0}}
{"Mtime":"2025-07-18T10:56:35.5353299Z","GUID":"{988c59c5-0a1c-45b6-a555-0c62276e327d}","_RegKey":"HKEY_LOCAL_MACHINE\\SYSTEM\\CurrentControlSet\\Control\\WMI\\Autologger\\EventLog-System\\{988c59c5-0a1c-45b6-a555-0c62276e327d}","ProviderName":"Microsoft-Windows-SMBClient","Enabled":1,"Content":{"EnableLevel":0,"EnableProperty":1,"Enabled":1,"LoggerName":"EventLog-System","MatchAllKeyword":0,"MatchAnyKeyword":2810246167479189504,"Status":0}}
{"Mtime":"2025-07-18T10:56:35.5553597Z","GUID":"{db66ea65-b7bb-4ca9-8748-334cb5c32400}","_RegKey":"HKEY_LOCAL_MACHINE\\SYSTEM\\CurrentControlSet\\Control\\WMI\\Autologger\\EventLog-System\\{db66ea65-b7bb-4ca9-8748-334cb5c32400}","ProviderName":"Microsoft-Windows-SMBDirect","Enabled":1,"Content":{"EnableLevel":0,"EnableProperty":1,"Enabled":1,"LoggerName":"EventLog-System","MatchAllKeyword":0,"MatchAnyKeyword":9223372036854775808,"Status":0}}
{"Mtime":"2025-07-18T10:56:35.5553597Z","GUID":"{d48ce617-33a2-4bc3-a5c7-11aa4f29619e}","_RegKey":"HKEY_LOCAL_MACHINE\\SYSTEM\\CurrentControlSet\\Control\\WMI\\Autologger\\EventLog-System\\{d48ce617-33a2-4bc3-a5c7-11aa4f29619e}","ProviderName":"Microsoft-Windows-SMBServer","Enabled":1,"Content":{"EnableLevel":0,"EnableProperty":1,"Enabled":1,"LoggerName":"EventLog-System","MatchAllKeyword":0,"MatchAnyKeyword":3314649325744685056,"Status":0}}
{"Mtime":"2025-07-18T10:56:35.5353299Z","GUID":"{72cd9ff7-4af8-4b89-aede-5f26fda13567}","_RegKey":"HKEY_LOCAL_MACHINE\\SYSTEM\\CurrentControlSet\\Control\\WMI\\Autologger\\EventLog-System\\{72cd9ff7-4af8-4b89-aede-5f26fda13567}","ProviderName":"Microsoft-Windows-SPB-ClassExtension","Enabled":1,"Content":{"EnableLevel":0,"EnableProperty":1,"Enabled":1,"LoggerName":"EventLog-System","MatchAllKeyword":0,"MatchAnyKeyword":4611686018427387904,"Status":0}}
{"Mtime":"2025-07-18T10:56:35.5353299Z","GUID":"{991f8fe6-249d-44d6-b93d-5a3060c1dedb}","_RegKey":"HKEY_LOCAL_MACHINE\\SYSTEM\\CurrentControlSet\\Control\\WMI\\Autologger\\EventLog-System\\{991f8fe6-249d-44d6-b93d-5a3060c1dedb}","ProviderName":"Microsoft-Windows-SPB-HIDI2C","Enabled":1,"Content":{"EnableLevel":0,"EnableProperty":1,"Enabled":1,"LoggerName":"EventLog-System","MatchAllKeyword":0,"MatchAnyKeyword":4611686018427387904,"Status":0}}
{"Mtime":"2025-07-18T10:56:35.5553597Z","GUID":"{ea216962-877b-5b73-f7c5-8aef5375959e}","_RegKey":"HKEY_LOCAL_MACHINE\\SYSTEM\\CurrentControlSet\\Control\\WMI\\Autologger\\EventLog-System\\{ea216962-877b-5b73-f7c5-8aef5375959e}","ProviderName":"Microsoft-Windows-Security-Adminless","Enabled":1,"Content":{"EnableLevel":0,"EnableProperty":1,"Enabled":1,"LoggerName":"EventLog-System","MatchAllKeyword":0,"MatchAnyKeyword":9223372036854775808,"Status":0}}
{"Mtime":"2025-07-18T10:56:35.5353299Z","GUID":"{45eec9e5-4a1b-5446-7ad8-a4ab1313c437}","_RegKey":"HKEY_LOCAL_MACHINE\\SYSTEM\\CurrentControlSet\\Control\\WMI\\Autologger\\EventLog-System\\{45eec9e5-4a1b-5446-7ad8-a4ab1313c437}","ProviderName":"Microsoft-Windows-Security-LessPrivilegedAppContainer","Enabled":1,"Content":{"EnableLevel":0,"EnableProperty":1,"Enabled":1,"LoggerName":"EventLog-System","MatchAllKeyword":0,"MatchAnyKeyword":9223372036854775808,"Status":0}}
{"Mtime":"2025-07-18T10:56:35.5553597Z","GUID":"{fae10392-f0af-4ac0-b8ff-9f4d920c3cdf}","_RegKey":"HKEY_LOCAL_MACHINE\\SYSTEM\\CurrentControlSet\\Control\\WMI\\Autologger\\EventLog-System\\{fae10392-f0af-4ac0-b8ff-9f4d920c3cdf}","ProviderName":"Microsoft-Windows-Security-Mitigations","Enabled":1,"Content":{"EnableLevel":0,"EnableProperty":1,"Enabled":1,"LoggerName":"EventLog-System","MatchAllKeyword":0,"MatchAnyKeyword":9223372036854775808,"Status":0}}
{"Mtime":"2025-07-18T10:56:35.5553597Z","GUID":"{e5ba83f6-07d0-46b1-8bc7-7e669a1d31dc}","_RegKey":"HKEY_LOCAL_MACHINE\\SYSTEM\\CurrentControlSet\\Control\\WMI\\Autologger\\EventLog-System\\{e5ba83f6-07d0-46b1-8bc7-7e669a1d31dc}","ProviderName":"Microsoft-Windows-Security-Netlogon","Enabled":1,"Content":{"EnableLevel":0,"EnableProperty":1,"Enabled":1,"LoggerName":"EventLog-System","MatchAllKeyword":0,"MatchAnyKeyword":13835058055282163712,"Status":0}}
{"Mtime":"2025-07-18T10:56:35.5353299Z","GUID":"{40783728-8921-45d0-b231-919037b4b4fd}","_RegKey":"HKEY_LOCAL_MACHINE\\SYSTEM\\CurrentControlSet\\Control\\WMI\\Autologger\\EventLog-System\\{40783728-8921-45d0-b231-919037b4b4fd}","ProviderName":"Microsoft-Windows-Security-UserConsentVerifier","Enabled":1,"Content":{"EnableLevel":0,"EnableProperty":1,"Enabled":1,"LoggerName":"EventLog-System","MatchAllKeyword":0,"MatchAnyKeyword":9223372036854775808,"Status":0}}
{"Mtime":"2025-07-18T10:56:35.5353299Z","GUID":"{47bc9477-a8ba-452e-b951-4f2ed3593cf9}","_RegKey":"HKEY_LOCAL_MACHINE\\SYSTEM\\CurrentControlSet\\Control\\WMI\\Autologger\\EventLog-System\\{47bc9477-a8ba-452e-b951-4f2ed3593cf9}","ProviderName":"Microsoft-Windows-Serial-ClassExtension","Enabled":1,"Content":{"EnableLevel":0,"EnableProperty":1,"Enabled":1,"LoggerName":"EventLog-System","MatchAllKeyword":0,"MatchAnyKeyword":4611686018427387904,"Status":0}}
{"Mtime":"2025-07-18T10:56:35.5553597Z","GUID":"{eee173ef-7ed2-45de-9877-01c70a852fbd}","_RegKey":"HKEY_LOCAL_MACHINE\\SYSTEM\\CurrentControlSet\\Control\\WMI\\Autologger\\EventLog-System\\{eee173ef-7ed2-45de-9877-01c70a852fbd}","ProviderName":"Microsoft-Windows-Serial-ClassExtension-V2","Enabled":1,"Content":{"EnableLevel":0,"EnableProperty":1,"Enabled":1,"LoggerName":"EventLog-System","MatchAllKeyword":0,"MatchAnyKeyword":9223372036854775808,"Status":0}}
{"Mtime":"2025-07-18T10:56:35.5353299Z","GUID":"{75ebc33e-997f-49cf-b49f-ecc50184b75d}","_RegKey":"HKEY_LOCAL_MACHINE\\SYSTEM\\CurrentControlSet\\Control\\WMI\\Autologger\\EventLog-System\\{75ebc33e-997f-49cf-b49f-ecc50184b75d}","ProviderName":"Microsoft-Windows-Setup","Enabled":1,"Content":{"EnableLevel":0,"EnableProperty":1,"Enabled":1,"LoggerName":"EventLog-System","MatchAllKeyword":0,"MatchAnyKeyword":2305843009213693952,"Status":0}}
{"Mtime":"2025-07-18T10:56:35.5353299Z","GUID":"{530fb9b9-c515-4472-9313-fb346f9255e3}","_RegKey":"HKEY_LOCAL_MACHINE\\SYSTEM\\CurrentControlSet\\Control\\WMI\\Autologger\\EventLog-System\\{530fb9b9-c515-4472-9313-fb346f9255e3}","ProviderName":"Microsoft-Windows-SetupPlatform","Enabled":1,"Content":{"EnableLevel":0,"EnableProperty":1,"Enabled":1,"LoggerName":"EventLog-System","MatchAllKeyword":0,"MatchAnyKeyword":2305843009213693952,"Status":0}}
{"Mtime":"2025-07-18T10:56:35.5353299Z","GUID":"{125f2cf1-2768-4d33-976e-527137d080f8}","_RegKey":"HKEY_LOCAL_MACHINE\\SYSTEM\\CurrentControlSet\\Control\\WMI\\Autologger\\EventLog-System\\{125f2cf1-2768-4d33-976e-527137d080f8}","ProviderName":"Microsoft-Windows-SmartCard-TPM-VCard-Module","Enabled":1,"Content":{"EnableLevel":0,"EnableProperty":1,"Enabled":1,"LoggerName":"EventLog-System","MatchAllKeyword":0,"MatchAnyKeyword":13835058055282163712,"Status":0}}
{"Mtime":"2025-07-18T10:56:35.5553597Z","GUID":"{d0e22efc-ac66-4b25-a72d-382736b5e940}","_RegKey":"HKEY_LOCAL_MACHINE\\SYSTEM\\CurrentControlSet\\Control\\WMI\\Autologger\\EventLog-System\\{d0e22efc-ac66-4b25-a72d-382736b5e940}","ProviderName":"Microsoft-Windows-Spell-Checking","Enabled":1,"Content":{"EnableLevel":0,"EnableProperty":1,"Enabled":1,"LoggerName":"EventLog-System","MatchAllKeyword":0,"MatchAnyKeyword":4611686018427387904,"Status":0}}
{"Mtime":"2025-07-18T10:56:35.5553597Z","GUID":"{b2fcd41f-9a40-4150-8c92-b224b7d8c8aa}","_RegKey":"HKEY_LOCAL_MACHINE\\SYSTEM\\CurrentControlSet\\Control\\WMI\\Autologger\\EventLog-System\\{b2fcd41f-9a40-4150-8c92-b224b7d8c8aa}","ProviderName":"Microsoft-Windows-SpellChecker","Enabled":1,"Content":{"EnableLevel":0,"EnableProperty":1,"Enabled":1,"LoggerName":"EventLog-System","MatchAllKeyword":0,"MatchAnyKeyword":4611686018427387904,"Status":0}}
{"Mtime":"2025-07-18T10:56:35.5553597Z","GUID":"{c914f0df-835a-4a22-8c70-732c9a80c634}","_RegKey":"HKEY_LOCAL_MACHINE\\SYSTEM\\CurrentControlSet\\Control\\WMI\\Autologger\\EventLog-System\\{c914f0df-835a-4a22-8c70-732c9a80c634}","ProviderName":"Microsoft-Windows-StartupRepair","Enabled":1,"Content":{"EnableLevel":0,"EnableProperty":1,"Enabled":1,"LoggerName":"EventLog-System","MatchAllKeyword":0,"MatchAnyKeyword":9223372036854775808,"Status":0}}
{"Mtime":"2025-07-18T10:56:35.5353299Z","GUID":"{89592015-d996-4636-8f61-066b5d4dd739}","_RegKey":"HKEY_LOCAL_MACHINE\\SYSTEM\\CurrentControlSet\\Control\\WMI\\Autologger\\EventLog-System\\{89592015-d996-4636-8f61-066b5d4dd739}","ProviderName":"Microsoft-Windows-StateRepository","Enabled":1,"Content":{"EnableLevel":0,"EnableProperty":1,"Enabled":1,"LoggerName":"EventLog-System","MatchAllKeyword":0,"MatchAnyKeyword":1152921504606846976,"Status":0}}
{"Mtime":"2025-07-18T10:56:35.5553597Z","GUID":"{f5d05b38-80a6-4653-825d-c414e4ab3c68}","_RegKey":"HKEY_LOCAL_MACHINE\\SYSTEM\\CurrentControlSet\\Control\\WMI\\Autologger\\EventLog-System\\{f5d05b38-80a6-4653-825d-c414e4ab3c68}","ProviderName":"Microsoft-Windows-StorDiag","Enabled":1,"Content":{"EnableLevel":0,"EnableProperty":1,"Enabled":1,"LoggerName":"EventLog-System","MatchAllKeyword":0,"MatchAnyKeyword":576460752303423488,"Status":0}}
{"Mtime":"2025-07-18T10:56:35.5553597Z","GUID":"{c4636a1e-7986-4646-bf10-7bc3b4a76e8e}","_RegKey":"HKEY_LOCAL_MACHINE\\SYSTEM\\CurrentControlSet\\Control\\WMI\\Autologger\\EventLog-System\\{c4636a1e-7986-4646-bf10-7bc3b4a76e8e}","ProviderName":"Microsoft-Windows-StorPort","Enabled":1,"Content":{"EnableLevel":0,"EnableProperty":1,"Enabled":1,"LoggerName":"EventLog-System","MatchAllKeyword":0,"MatchAnyKeyword":720575940379279360,"Status":0}}
{"Mtime":"2025-07-18T10:56:35.5353299Z","GUID":"{595f7f52-c90a-4026-a125-8eb5e083f15e}","_RegKey":"HKEY_LOCAL_MACHINE\\SYSTEM\\CurrentControlSet\\Control\\WMI\\Autologger\\EventLog-System\\{595f7f52-c90a-4026-a125-8eb5e083f15e}","ProviderName":"Microsoft-Windows-StorageSpaces-Driver","Enabled":1,"Content":{"EnableLevel":0,"EnableProperty":1,"Enabled":1,"LoggerName":"EventLog-System","MatchAllKeyword":0,"MatchAnyKeyword":13835058055282163712,"Status":0}}
{"Mtime":"2025-07-18T10:56:35.5353299Z","GUID":"{a963a23c-0058-521d-71ec-a1cce6173f21}","_RegKey":"HKEY_LOCAL_MACHINE\\SYSTEM\\CurrentControlSet\\Control\\WMI\\Autologger\\EventLog-System\\{a963a23c-0058-521d-71ec-a1cce6173f21}","ProviderName":"Microsoft-Windows-Storsvc","Enabled":1,"Content":{"EnableLevel":0,"EnableProperty":1,"Enabled":1,"LoggerName":"EventLog-System","MatchAllKeyword":0,"MatchAnyKeyword":9223372036854775808,"Status":0}}
{"Mtime":"2025-07-18T10:56:35.5353299Z","GUID":"{43e63da5-41d1-4fbf-aded-1bbed98fdd1d}","_RegKey":"HKEY_LOCAL_MACHINE\\SYSTEM\\CurrentControlSet\\Control\\WMI\\Autologger\\EventLog-System\\{43e63da5-41d1-4fbf-aded-1bbed98fdd1d}","ProviderName":"Microsoft-Windows-Subsys-SMSS","Enabled":1,"Content":{"EnableLevel":0,"EnableProperty":1,"Enabled":1,"LoggerName":"EventLog-System","MatchAllKeyword":0,"MatchAnyKeyword":4611686018427387904,"Status":0}}
{"Mtime":"2025-07-18T10:56:35.5353299Z","GUID":"{2f07e2ee-15db-40f1-90ef-9d7ba282188a}","_RegKey":"HKEY_LOCAL_MACHINE\\SYSTEM\\CurrentControlSet\\Control\\WMI\\Autologger\\EventLog-System\\{2f07e2ee-15db-40f1-90ef-9d7ba282188a}","ProviderName":"Microsoft-Windows-TCPIP","Enabled":1,"Content":{"EnableLevel":0,"EnableProperty":1,"Enabled":1,"LoggerName":"EventLog-System","MatchAllKeyword":0,"MatchAnyKeyword":4611686018427387904,"Status":0}}
{"Mtime":"2025-07-18T10:56:35.5353299Z","GUID":"{7d5387b0-cbe0-11da-a94d-0800200c9a66}","_RegKey":"HKEY_LOCAL_MACHINE\\SYSTEM\\CurrentControlSet\\Control\\WMI\\Autologger\\EventLog-System\\{7d5387b0-cbe0-11da-a94d-0800200c9a66}","ProviderName":"Microsoft-Windows-TPM-WMI","Enabled":1,"Content":{"EnableLevel":0,"EnableProperty":1,"Enabled":1,"LoggerName":"EventLog-System","MatchAllKeyword":0,"MatchAnyKeyword":9223372036854775808,"Status":0}}
{"Mtime":"2025-07-18T10:56:35.5553597Z","GUID":"{de7b24ea-73c8-4a09-985d-5bdadcfa9017}","_RegKey":"HKEY_LOCAL_MACHINE\\SYSTEM\\CurrentControlSet\\Control\\WMI\\Autologger\\EventLog-System\\{de7b24ea-73c8-4a09-985d-5bdadcfa9017}","ProviderName":"Microsoft-Windows-TaskScheduler","Enabled":1,"Content":{"EnableLevel":0,"EnableProperty":1,"Enabled":1,"LoggerName":"EventLog-System","MatchAllKeyword":0,"MatchAnyKeyword":4611686018427387904,"Status":0}}
{"Mtime":"2025-07-18T10:56:35.5353299Z","GUID":"{5d896912-022d-40aa-a3a8-4fa5515c76d7}","_RegKey":"HKEY_LOCAL_MACHINE\\SYSTEM\\CurrentControlSet\\Control\\WMI\\Autologger\\EventLog-System\\{5d896912-022d-40aa-a3a8-4fa5515c76d7}","ProviderName":"Microsoft-Windows-TerminalServices-LocalSessionManager","Enabled":1,"Content":{"EnableLevel":0,"EnableProperty":1,"Enabled":1,"LoggerName":"EventLog-System","MatchAllKeyword":0,"MatchAnyKeyword":9223372036854775808,"Status":0}}
{"Mtime":"2025-07-18T10:56:35.5553597Z","GUID":"{c76baa63-ae81-421c-b425-340b4b24157f}","_RegKey":"HKEY_LOCAL_MACHINE\\SYSTEM\\CurrentControlSet\\Control\\WMI\\Autologger\\EventLog-System\\{c76baa63-ae81-421c-b425-340b4b24157f}","ProviderName":"Microsoft-Windows-TerminalServices-RemoteConnectionManager","Enabled":1,"Content":{"EnableLevel":0,"EnableProperty":1,"Enabled":1,"LoggerName":"EventLog-System","MatchAllKeyword":0,"MatchAnyKeyword":9223372036854775808,"Status":0}}
{"Mtime":"2025-07-18T10:56:35.5353299Z","GUID":"{06edcfeb-0fd0-4e53-acca-a6f8bbf81bcb}","_RegKey":"HKEY_LOCAL_MACHINE\\SYSTEM\\CurrentControlSet\\Control\\WMI\\Autologger\\EventLog-System\\{06edcfeb-0fd0-4e53-acca-a6f8bbf81bcb}","ProviderName":"Microsoft-Windows-Time-Service","Enabled":1,"Content":{"EnableLevel":0,"EnableProperty":1,"Enabled":1,"LoggerName":"EventLog-System","MatchAllKeyword":0,"MatchAnyKeyword":9223372036854775808,"Status":0}}
{"Mtime":"2025-07-18T10:56:35.5553597Z","GUID":"{c02afc2b-e24e-4449-ad76-bcc2c2575ead}","_RegKey":"HKEY_LOCAL_MACHINE\\SYSTEM\\CurrentControlSet\\Control\\WMI\\Autologger\\EventLog-System\\{c02afc2b-e24e-4449-ad76-bcc2c2575ead}","ProviderName":"Microsoft-Windows-UAC-FileVirtualization","Enabled":1,"Content":{"EnableLevel":0,"EnableProperty":1,"Enabled":1,"LoggerName":"EventLog-System","MatchAllKeyword":0,"MatchAnyKeyword":9223372036854775808,"Status":0}}
{"Mtime":"2025-07-18T10:56:35.5553597Z","GUID":"{f708c483-4880-11e6-9121-5cf37068b67b}","_RegKey":"HKEY_LOCAL_MACHINE\\SYSTEM\\CurrentControlSet\\Control\\WMI\\Autologger\\EventLog-System\\{f708c483-4880-11e6-9121-5cf37068b67b}","ProviderName":"Microsoft-Windows-USB-CCID","Enabled":1,"Content":{"EnableLevel":0,"EnableProperty":1,"Enabled":1,"LoggerName":"EventLog-System","MatchAllKeyword":0,"MatchAnyKeyword":9223372036854775808,"Status":0}}
{"Mtime":"2025-07-18T10:56:35.5353299Z","GUID":"{7725b5f9-1f2e-4e21-baeb-b2af4690bc87}","_RegKey":"HKEY_LOCAL_MACHINE\\SYSTEM\\CurrentControlSet\\Control\\WMI\\Autologger\\EventLog-System\\{7725b5f9-1f2e-4e21-baeb-b2af4690bc87}","ProviderName":"Microsoft-Windows-USB-MAUSBHOST","Enabled":1,"Content":{"EnableLevel":0,"EnableProperty":1,"Enabled":1,"LoggerName":"EventLog-System","MatchAllKeyword":0,"MatchAnyKeyword":9223372036854775808,"Status":0}}
{"Mtime":"2025-07-18T10:56:35.5353299Z","GUID":"{ac52ad17-cc01-4f85-8df5-4dce4333c99b}","_RegKey":"HKEY_LOCAL_MACHINE\\SYSTEM\\CurrentControlSet\\Control\\WMI\\Autologger\\EventLog-System\\{ac52ad17-cc01-4f85-8df5-4dce4333c99b}","ProviderName":"Microsoft-Windows-USB-USBHUB3","Enabled":1,"Content":{"EnableLevel":0,"EnableProperty":1,"Enabled":1,"LoggerName":"EventLog-System","MatchAllKeyword":0,"MatchAnyKeyword":9223372036854775808,"Status":0}}
{"Mtime":"2025-07-18T10:56:35.5353299Z","GUID":"{30e1d284-5d88-459c-83fd-6345b39b19ec}","_RegKey":"HKEY_LOCAL_MACHINE\\SYSTEM\\CurrentControlSet\\Control\\WMI\\Autologger\\EventLog-System\\{30e1d284-5d88-459c-83fd-6345b39b19ec}","ProviderName":"Microsoft-Windows-USB-USBXHCI","Enabled":1,"Content":{"EnableLevel":0,"EnableProperty":1,"Enabled":1,"LoggerName":"EventLog-System","MatchAllKeyword":0,"MatchAnyKeyword":9223372036854775808,"Status":0}}
{"Mtime":"2025-07-18T10:56:35.5553597Z","GUID":"{ce8dee0b-d539-4000-b0f8-77bed049c590}","_RegKey":"HKEY_LOCAL_MACHINE\\SYSTEM\\CurrentControlSet\\Control\\WMI\\Autologger\\EventLog-System\\{ce8dee0b-d539-4000-b0f8-77bed049c590}","ProviderName":"Microsoft-Windows-UserModePowerService","Enabled":1,"Content":{"EnableLevel":0,"EnableProperty":1,"Enabled":1,"LoggerName":"EventLog-System","MatchAllKeyword":0,"MatchAnyKeyword":4611686018427387904,"Status":0}}
{"Mtime":"2025-07-18T10:56:35.5353299Z","GUID":"{96f4a050-7e31-453c-88be-9634f4e02139}","_RegKey":"HKEY_LOCAL_MACHINE\\SYSTEM\\CurrentControlSet\\Control\\WMI\\Autologger\\EventLog-System\\{96f4a050-7e31-453c-88be-9634f4e02139}","ProviderName":"Microsoft-Windows-UserPnp","Enabled":1,"Content":{"EnableLevel":0,"EnableProperty":1,"Enabled":1,"LoggerName":"EventLog-System","MatchAllKeyword":0,"MatchAnyKeyword":9223372036854775808,"Status":0}}
{"Mtime":"2025-07-18T10:56:35.5553597Z","GUID":"{e4480490-85b6-11dd-ad8b-0800200c9a66}","_RegKey":"HKEY_LOCAL_MACHINE\\SYSTEM\\CurrentControlSet\\Control\\WMI\\Autologger\\EventLog-System\\{e4480490-85b6-11dd-ad8b-0800200c9a66}","ProviderName":"Microsoft-Windows-VDRVROOT","Enabled":1,"Content":{"EnableLevel":0,"EnableProperty":1,"Enabled":1,"LoggerName":"EventLog-System","MatchAllKeyword":0,"MatchAnyKeyword":9223372036854775808,"Status":0}}
{"Mtime":"2025-07-18T10:56:35.5553597Z","GUID":"{e2816346-87f4-4f85-95c3-0c79409aa89d}","_RegKey":"HKEY_LOCAL_MACHINE\\SYSTEM\\CurrentControlSet\\Control\\WMI\\Autologger\\EventLog-System\\{e2816346-87f4-4f85-95c3-0c79409aa89d}","ProviderName":"Microsoft-Windows-VHDMP","Enabled":1,"Content":{"EnableLevel":0,"EnableProperty":1,"Enabled":1,"LoggerName":"EventLog-System","MatchAllKeyword":0,"MatchAnyKeyword":9223372036854775808,"Status":0}}
{"Mtime":"2025-07-18T10:56:35.5353299Z","GUID":"{9f7b5df4-b902-48bc-bc94-95068c6c7d26}","_RegKey":"HKEY_LOCAL_MACHINE\\SYSTEM\\CurrentControlSet\\Control\\WMI\\Autologger\\EventLog-System\\{9f7b5df4-b902-48bc-bc94-95068c6c7d26}","ProviderName":"Microsoft-Windows-Volume","Enabled":1,"Content":{"EnableLevel":0,"EnableProperty":1,"Enabled":1,"LoggerName":"EventLog-System","MatchAllKeyword":0,"MatchAnyKeyword":9223372036854775808,"Status":0}}
{"Mtime":"2025-07-18T10:56:35.5353299Z","GUID":"{67fe2216-727a-40cb-94b2-c02211edb34a}","_RegKey":"HKEY_LOCAL_MACHINE\\SYSTEM\\CurrentControlSet\\Control\\WMI\\Autologger\\EventLog-System\\{67fe2216-727a-40cb-94b2-c02211edb34a}","ProviderName":"Microsoft-Windows-VolumeSnapshot-Driver","Enabled":1,"Content":{"EnableLevel":0,"EnableProperty":1,"Enabled":1,"LoggerName":"EventLog-System","MatchAllKeyword":0,"MatchAnyKeyword":4611686018427387904,"Status":0}}
{"Mtime":"2025-07-18T10:56:35.5353299Z","GUID":"{0c478c5b-0351-41b1-8c58-4a6737da32e3}","_RegKey":"HKEY_LOCAL_MACHINE\\SYSTEM\\CurrentControlSet\\Control\\WMI\\Autologger\\EventLog-System\\{0c478c5b-0351-41b1-8c58-4a6737da32e3}","ProviderName":"Microsoft-Windows-WFP","Enabled":1,"Content":{"EnableLevel":0,"EnableProperty":1,"Enabled":1,"LoggerName":"EventLog-System","MatchAllKeyword":0,"MatchAnyKeyword":14411518807585587200,"Status":0}}
{"Mtime":"2025-07-18T10:56:35.5553597Z","GUID":"{c26c4f3c-3f66-4e99-8f8a-39405cfed220}","_RegKey":"HKEY_LOCAL_MACHINE\\SYSTEM\\CurrentControlSet\\Control\\WMI\\Autologger\\EventLog-System\\{c26c4f3c-3f66-4e99-8f8a-39405cfed220}","ProviderName":"Microsoft-Windows-WHEA-Logger","Enabled":1,"Content":{"EnableLevel":0,"EnableProperty":1,"Enabled":1,"LoggerName":"EventLog-System","MatchAllKeyword":0,"MatchAnyKeyword":9223372036854775808,"Status":0}}
{"Mtime":"2025-07-18T10:56:35.5353299Z","GUID":"{9580d7dd-0379-4658-9870-d5be7d52d6de}","_RegKey":"HKEY_LOCAL_MACHINE\\SYSTEM\\CurrentControlSet\\Control\\WMI\\Autologger\\EventLog-System\\{9580d7dd-0379-4658-9870-d5be7d52d6de}","ProviderName":"Microsoft-Windows-WLAN-AutoConfig","Enabled":1,"Content":{"EnableLevel":0,"EnableProperty":1,"Enabled":1,"LoggerName":"EventLog-System","MatchAllKeyword":0,"MatchAnyKeyword":4611686018427387904,"Status":0}}
{"Mtime":"2025-07-18T10:56:35.5353299Z","GUID":"{6a2dc7c1-930a-4fb5-bb44-80b30aebed6c}","_RegKey":"HKEY_LOCAL_MACHINE\\SYSTEM\\CurrentControlSet\\Control\\WMI\\Autologger\\EventLog-System\\{6a2dc7c1-930a-4fb5-bb44-80b30aebed6c}","ProviderName":"Microsoft-Windows-WMPNSS-Service","Enabled":1,"Content":{"EnableLevel":0,"EnableProperty":1,"Enabled":1,"LoggerName":"EventLog-System","MatchAllKeyword":0,"MatchAnyKeyword":4611686018427387904,"Status":0}}
{"Mtime":"2025-07-18T10:56:35.5353299Z","GUID":"{355c44fe-0c8e-4bf8-be28-8bc7b5a42720}","_RegKey":"HKEY_LOCAL_MACHINE\\SYSTEM\\CurrentControlSet\\Control\\WMI\\Autologger\\EventLog-System\\{355c44fe-0c8e-4bf8-be28-8bc7b5a42720}","ProviderName":"Microsoft-Windows-WPD-CompositeClassDriver","Enabled":1,"Content":{"EnableLevel":0,"EnableProperty":1,"Enabled":1,"LoggerName":"EventLog-System","MatchAllKeyword":0,"MatchAnyKeyword":9223372036854775808,"Status":0}}
{"Mtime":"2025-07-18T10:56:35.5353299Z","GUID":"{21b7c16e-c5af-4a69-a74a-7245481c1b97}","_RegKey":"HKEY_LOCAL_MACHINE\\SYSTEM\\CurrentControlSet\\Control\\WMI\\Autologger\\EventLog-System\\{21b7c16e-c5af-4a69-a74a-7245481c1b97}","ProviderName":"Microsoft-Windows-WPD-MTPClassDriver","Enabled":1,"Content":{"EnableLevel":0,"EnableProperty":1,"Enabled":1,"LoggerName":"EventLog-System","MatchAllKeyword":0,"MatchAnyKeyword":9223372036854775808,"Status":0}}
{"Mtime":"2025-07-18T10:56:35.5553597Z","GUID":"{ad5162d8-daf0-4a25-88a7-01cbeb33902e}","_RegKey":"HKEY_LOCAL_MACHINE\\SYSTEM\\CurrentControlSet\\Control\\WMI\\Autologger\\EventLog-System\\{ad5162d8-daf0-4a25-88a7-01cbeb33902e}","ProviderName":"Microsoft-Windows-WPDClassInstaller","Enabled":1,"Content":{"EnableLevel":0,"EnableProperty":1,"Enabled":1,"LoggerName":"EventLog-System","MatchAllKeyword":0,"MatchAnyKeyword":9223372036854775808,"Status":0}}
{"Mtime":"2025-07-18T10:56:35.5353299Z","GUID":"{8c416c79-d49b-4f01-a467-e56d3aa8234c}","_RegKey":"HKEY_LOCAL_MACHINE\\SYSTEM\\CurrentControlSet\\Control\\WMI\\Autologger\\EventLog-System\\{8c416c79-d49b-4f01-a467-e56d3aa8234c}","ProviderName":"Microsoft-Windows-Win32k","Enabled":1,"Content":{"EnableLevel":0,"EnableProperty":1,"Enabled":1,"LoggerName":"EventLog-System","MatchAllKeyword":0,"MatchAnyKeyword":72057594037927936,"Status":0}}
{"Mtime":"2025-07-24T08:27:16.778716Z","GUID":"{1f7a6c55-5532-573b-35b7-2107e43a6ef5}","_RegKey":"HKEY_LOCAL_MACHINE\\SYSTEM\\CurrentControlSet\\Control\\WMI\\Autologger\\EventLog-System\\{1f7a6c55-5532-573b-35b7-2107e43a6ef5}","ProviderName":"Microsoft-Windows-WinREAgent","Enabled":1,"Content":{"EnableLevel":0,"EnableProperty":1,"Enabled":1,"LoggerName":"EventLog-System","MatchAllKeyword":0,"MatchAnyKeyword":9223372036854775808,"Status":0}}
{"Mtime":"2025-07-24T21:05:40.697536Z","GUID":"{11cd958a-c507-4ef3-b3f2-5fd9dfbd2c78}","_RegKey":"HKEY_LOCAL_MACHINE\\SYSTEM\\CurrentControlSet\\Control\\WMI\\Autologger\\EventLog-System\\{11cd958a-c507-4ef3-b3f2-5fd9dfbd2c78}","ProviderName":"Microsoft-Windows-Windows Defender","Enabled":1,"Content":{"EnableLevel":0,"EnableProperty":1,"Enabled":1,"LoggerName":"EventLog-System","MatchAllKeyword":0,"MatchAnyKeyword":13835058055282163712}}
{"Mtime":"2025-07-18T10:56:35.5553597Z","GUID":"{d1bc9aff-2abf-4d71-9146-ecb2a986eb85}","_RegKey":"HKEY_LOCAL_MACHINE\\SYSTEM\\CurrentControlSet\\Control\\WMI\\Autologger\\EventLog-System\\{d1bc9aff-2abf-4d71-9146-ecb2a986eb85}","ProviderName":"Microsoft-Windows-Windows Firewall With Advanced Security","Enabled":1,"Content":{"EnableLevel":0,"EnableProperty":1,"Enabled":1,"LoggerName":"EventLog-System","MatchAllKeyword":0,"MatchAnyKeyword":4755801206503243776,"Status":0}}
{"Mtime":"2025-07-18T10:56:35.5353299Z","GUID":"{01979c6a-42fa-414c-b8aa-eee2c8202018}","_RegKey":"HKEY_LOCAL_MACHINE\\SYSTEM\\CurrentControlSet\\Control\\WMI\\Autologger\\EventLog-System\\{01979c6a-42fa-414c-b8aa-eee2c8202018}","ProviderName":"Microsoft-Windows-WindowsBackup","Enabled":1,"Content":{"EnableLevel":0,"EnableProperty":1,"Enabled":1,"LoggerName":"EventLog-System","MatchAllKeyword":0,"MatchAnyKeyword":9223372036854775808,"Status":0}}
{"Mtime":"2025-07-18T10:56:35.5353299Z","GUID":"{2e6cb42e-161d-413b-a6c1-84ca4c1e5890}","_RegKey":"HKEY_LOCAL_MACHINE\\SYSTEM\\CurrentControlSet\\Control\\WMI\\Autologger\\EventLog-System\\{2e6cb42e-161d-413b-a6c1-84ca4c1e5890}","ProviderName":"Microsoft-Windows-WindowsToGo-StartupOptions","Enabled":1,"Content":{"EnableLevel":0,"EnableProperty":1,"Enabled":1,"LoggerName":"EventLog-System","MatchAllKeyword":0,"MatchAnyKeyword":9223372036854775808,"Status":0}}
{"Mtime":"2025-07-18T10:56:35.5353299Z","GUID":"{945a8954-c147-4acd-923f-40c45405a658}","_RegKey":"HKEY_LOCAL_MACHINE\\SYSTEM\\CurrentControlSet\\Control\\WMI\\Autologger\\EventLog-System\\{945a8954-c147-4acd-923f-40c45405a658}","ProviderName":"Microsoft-Windows-WindowsUpdateClient","Enabled":1,"Content":{"EnableLevel":0,"EnableProperty":1,"Enabled":1,"LoggerName":"EventLog-System","MatchAllKeyword":0,"MatchAnyKeyword":13835058055282163712,"Status":0}}
{"Mtime":"2025-07-18T10:56:35.5353299Z","GUID":"{206f6dea-d3c5-4d10-bc72-989f03c8b84b}","_RegKey":"HKEY_LOCAL_MACHINE\\SYSTEM\\CurrentControlSet\\Control\\WMI\\Autologger\\EventLog-System\\{206f6dea-d3c5-4d10-bc72-989f03c8b84b}","ProviderName":"Microsoft-Windows-Wininit","Enabled":1,"Content":{"EnableLevel":0,"EnableProperty":1,"Enabled":1,"LoggerName":"EventLog-System","MatchAllKeyword":0,"MatchAnyKeyword":4611686018427387904,"Status":0}}
{"Mtime":"2025-07-18T10:56:35.5553597Z","GUID":"{dbe9b383-7cf3-4331-91cc-a3cb16a3b538}","_RegKey":"HKEY_LOCAL_MACHINE\\SYSTEM\\CurrentControlSet\\Control\\WMI\\Autologger\\EventLog-System\\{dbe9b383-7cf3-4331-91cc-a3cb16a3b538}","ProviderName":"Microsoft-Windows-Winlogon","Enabled":1,"Content":{"EnableLevel":0,"EnableProperty":1,"Enabled":1,"LoggerName":"EventLog-System","MatchAllKeyword":0,"MatchAnyKeyword":2305843009213693952,"Status":0}}
{"Mtime":"2025-07-18T10:56:35.5553597Z","GUID":"{d5c25f9a-4d47-493e-9184-40dd397a004d}","_RegKey":"HKEY_LOCAL_MACHINE\\SYSTEM\\CurrentControlSet\\Control\\WMI\\Autologger\\EventLog-System\\{d5c25f9a-4d47-493e-9184-40dd397a004d}","ProviderName":"Microsoft-Windows-Winsock-WS2HELP","Enabled":1,"Content":{"EnableLevel":0,"EnableProperty":1,"Enabled":1,"LoggerName":"EventLog-System","MatchAllKeyword":0,"MatchAnyKeyword":9223372036854775808,"Status":0}}
{"Mtime":"2025-07-18T10:56:35.5353299Z","GUID":"{494e7a3d-8db9-4ec4-b43e-2844af6e38d6}","_RegKey":"HKEY_LOCAL_MACHINE\\SYSTEM\\CurrentControlSet\\Control\\WMI\\Autologger\\EventLog-System\\{494e7a3d-8db9-4ec4-b43e-2844af6e38d6}","ProviderName":"Microsoft-Windows-exFAT-SQM","Enabled":1,"Content":{"EnableLevel":0,"EnableProperty":1,"Enabled":1,"LoggerName":"EventLog-System","MatchAllKeyword":0,"MatchAnyKeyword":9223372036854775808,"Status":0}}
{"Mtime":"2025-07-24T08:27:16.778716Z","GUID":"{9741fd4e-3757-479f-a3c6-fc49f6d5edd0}","_RegKey":"HKEY_LOCAL_MACHINE\\SYSTEM\\CurrentControlSet\\Control\\WMI\\Autologger\\EventLog-System\\{9741fd4e-3757-479f-a3c6-fc49f6d5edd0}","ProviderName":"NetJoin","Enabled":1,"Content":{"EnableLevel":0,"EnableProperty":1,"Enabled":1,"LoggerName":"EventLog-System","MatchAllKeyword":0,"MatchAnyKeyword":9223372036854775808,"Status":0}}
{"Mtime":"2025-07-18T10:56:35.5553597Z","GUID":"{dd70bc80-ef44-421b-8ac3-cd31da613a4e}","_RegKey":"HKEY_LOCAL_MACHINE\\SYSTEM\\CurrentControlSet\\Control\\WMI\\Autologger\\EventLog-System\\{dd70bc80-ef44-421b-8ac3-cd31da613a4e}","ProviderName":"Ntfs","Enabled":1,"Content":{"EnableLevel":0,"EnableProperty":1,"Enabled":1,"LoggerName":"EventLog-System","MatchAllKeyword":0,"MatchAnyKeyword":9223372036854775808,"Status":0}}
{"Mtime":"2025-07-18T10:56:35.5353299Z","GUID":"{1f678132-5938-4686-9fdc-c8ff68f15c85}","_RegKey":"HKEY_LOCAL_MACHINE\\SYSTEM\\CurrentControlSet\\Control\\WMI\\Autologger\\EventLog-System\\{1f678132-5938-4686-9fdc-c8ff68f15c85}","ProviderName":"Schannel","Enabled":1,"Content":{"EnableLevel":0,"EnableProperty":1,"Enabled":1,"LoggerName":"EventLog-System","MatchAllKeyword":0,"MatchAnyKeyword":9223372036854775808,"Status":0}}
{"Mtime":"2025-07-18T10:56:35.5353299Z","GUID":"{555908d1-a6d7-4695-8e1e-26931d2012f4}","_RegKey":"HKEY_LOCAL_MACHINE\\SYSTEM\\CurrentControlSet\\Control\\WMI\\Autologger\\EventLog-System\\{555908d1-a6d7-4695-8e1e-26931d2012f4}","ProviderName":"Service Control Manager","Enabled":1,"Content":{"EnableLevel":0,"EnableProperty":1,"Enabled":1,"LoggerName":"EventLog-System","MatchAllKeyword":0,"MatchAnyKeyword":9223372036854775808,"Status":0}}
{"Mtime":"2025-07-18T10:56:35.5353299Z","GUID":"{1b6b0772-251b-4d42-917d-faca166bc059}","_RegKey":"HKEY_LOCAL_MACHINE\\SYSTEM\\CurrentControlSet\\Control\\WMI\\Autologger\\EventLog-System\\{1b6b0772-251b-4d42-917d-faca166bc059}","ProviderName":"TPM","Enabled":1,"Content":{"EnableLevel":0,"EnableProperty":1,"Enabled":1,"LoggerName":"EventLog-System","MatchAllKeyword":0,"MatchAnyKeyword":9223372036854775808,"Status":0}}
{"Mtime":"2025-07-18T10:56:35.5553597Z","GUID":"{b0aa8734-56f7-41cc-b2f4-de228e98b946}","_RegKey":"HKEY_LOCAL_MACHINE\\SYSTEM\\CurrentControlSet\\Control\\WMI\\Autologger\\EventLog-System\\{b0aa8734-56f7-41cc-b2f4-de228e98b946}","ProviderName":"User32","Enabled":1,"Content":{"EnableLevel":0,"EnableProperty":1,"Enabled":1,"LoggerName":"EventLog-System","MatchAllKeyword":0,"MatchAnyKeyword":9223372036854775808,"Status":0}}
{"Mtime":"2025-07-18T10:56:35.5553597Z","GUID":"{cb017cd2-1f37-4e65-82bc-3e91f6a37559}","_RegKey":"HKEY_LOCAL_MACHINE\\SYSTEM\\CurrentControlSet\\Control\\WMI\\Autologger\\EventLog-System\\{cb017cd2-1f37-4e65-82bc-3e91f6a37559}","ProviderName":"Volsnap","Enabled":1,"Content":{"EnableLevel":0,"EnableProperty":1,"Enabled":1,"LoggerName":"EventLog-System","MatchAllKeyword":0,"MatchAnyKeyword":9223372036854775808,"Status":0}}
