{"Machine Name":"DESKTOP-VKU268G","Policy Target":"System","Subcategory":"Security System Extension","Subcategory GUID":"{0CCE9211-69AE-11D9-BED3-505054503030}","Inclusion Setting":"No Auditing","Exclusion Setting\r":""}
{"Machine Name":"DESKTOP-VKU268G","Policy Target":"System","Subcategory":"System Integrity","Subcategory GUID":"{0CCE9212-69AE-11D9-BED3-505054503030}","Inclusion Setting":"Success and Failure","Exclusion Setting\r":""}
{"Machine Name":"DESKTOP-VKU268G","Policy Target":"System","Subcategory":"IPsec Driver","Subcategory GUID":"{0CCE9213-69AE-11D9-BED3-505054503030}","Inclusion Setting":"No Auditing","Exclusion Setting\r":""}
{"Machine Name":"DESKTOP-VKU268G","Policy Target":"System","Subcategory":"Other System Events","Subcategory GUID":"{0CCE9214-69AE-11D9-BED3-505054503030}","Inclusion Setting":"Success and Failure","Exclusion Setting\r":""}
{"Machine Name":"DESKTOP-VKU268G","Policy Target":"System","Subcategory":"Security State Change","Subcategory GUID":"{0CCE9210-69AE-11D9-BED3-505054503030}","Inclusion Setting":"Success","Exclusion Setting\r":""}
{"Machine Name":"DESKTOP-VKU268G","Policy Target":"System","Subcategory":"Logon","Subcategory GUID":"{0CCE9215-69AE-11D9-BED3-505054503030}","Inclusion Setting":"Success and Failure","Exclusion Setting\r":""}
{"Machine Name":"DESKTOP-VKU268G","Policy Target":"System","Subcategory":"Logoff","Subcategory GUID":"{0CCE9216-69AE-11D9-BED3-505054503030}","Inclusion Setting":"Success","Exclusion Setting\r":""}
{"Machine Name":"DESKTOP-VKU268G","Policy Target":"System","Subcategory":"Account Lockout","Subcategory GUID":"{0CCE9217-69AE-11D9-BED3-505054503030}","Inclusion Setting":"Success","Exclusion Setting\r":""}
{"Machine Name":"DESKTOP-VKU268G","Policy Target":"System","Subcategory":"IPsec Main Mode","Subcategory GUID":"{0CCE9218-69AE-11D9-BED3-505054503030}","Inclusion Setting":"No Auditing","Exclusion Setting\r":""}
{"Machine Name":"DESKTOP-VKU268G","Policy Target":"System","Subcategory":"IPsec Quick Mode","Subcategory GUID":"{0CCE9219-69AE-11D9-BED3-505054503030}","Inclusion Setting":"No Auditing","Exclusion Setting\r":""}
{"Machine Name":"DESKTOP-VKU268G","Policy Target":"System","Subcategory":"IPsec Extended Mode","Subcategory GUID":"{0CCE921A-69AE-11D9-BED3-505054503030}","Inclusion Setting":"No Auditing","Exclusion Setting\r":""}
{"Machine Name":"DESKTOP-VKU268G","Policy Target":"System","Subcategory":"Special Logon","Subcategory GUID":"{0CCE921B-69AE-11D9-BED3-505054503030}","Inclusion Setting":"Success","Exclusion Setting\r":""}
{"Machine Name":"DESKTOP-VKU268G","Policy Target":"System","Subcategory":"Other Logon/Logoff Events","Subcategory GUID":"{0CCE921C-69AE-11D9-BED3-505054503030}","Inclusion Setting":"No Auditing","Exclusion Setting\r":""}
{"Machine Name":"DESKTOP-VKU268G","Policy Target":"System","Subcategory":"Network Policy Server","Subcategory GUID":"{0CCE9243-69AE-11D9-BED3-505054503030}","Inclusion Setting":"Success and Failure","Exclusion Setting\r":""}
{"Machine Name":"DESKTOP-VKU268G","Policy Target":"System","Subcategory":"User / Device Claims","Subcategory GUID":"{0CCE9247-69AE-11D9-BED3-505054503030}","Inclusion Setting":"No Auditing","Exclusion Setting\r":""}
{"Machine Name":"DESKTOP-VKU268G","Policy Target":"System","Subcategory":"Group Membership","Subcategory GUID":"{0CCE9249-69AE-11D9-BED3-505054503030}","Inclusion Setting":"No Auditing","Exclusion Setting\r":""}
{"Machine Name":"DESKTOP-VKU268G","Policy Target":"System","Subcategory":"File System","Subcategory GUID":"{0CCE921D-69AE-11D9-BED3-505054503030}","Inclusion Setting":"No Auditing","Exclusion Setting\r":""}
{"Machine Name":"DESKTOP-VKU268G","Policy Target":"System","Subcategory":"Registry","Subcategory GUID":"{0CCE921E-69AE-11D9-BED3-505054503030}","Inclusion Setting":"No Auditing","Exclusion Setting\r":""}
{"Machine Name":"DESKTOP-VKU268G","Policy Target":"System","Subcategory":"Kernel Object","Subcategory GUID":"{0CCE921F-69AE-11D9-BED3-505054503030}","Inclusion Setting":"No Auditing","Exclusion Setting\r":""}
{"Machine Name":"DESKTOP-VKU268G","Policy Target":"System","Subcategory":"SAM","Subcategory GUID":"{0CCE9220-69AE-11D9-BED3-505054503030}","Inclusion Setting":"No Auditing","Exclusion Setting\r":""}
{"Machine Name":"DESKTOP-VKU268G","Policy Target":"System","Subcategory":"Certification Services","Subcategory GUID":"{0CCE9221-69AE-11D9-BED3-505054503030}","Inclusion Setting":"No Auditing","Exclusion Setting\r":""}
{"Machine Name":"DESKTOP-VKU268G","Policy Target":"System","Subcategory":"Application Generated","Subcategory GUID":"{0CCE9222-69AE-11D9-BED3-505054503030}","Inclusion Setting":"No Auditing","Exclusion Setting\r":""}
{"Machine Name":"DESKTOP-VKU268G","Policy Target":"System","Subcategory":"Handle Manipulation","Subcategory GUID":"{0CCE9223-69AE-11D9-BED3-505054503030}","Inclusion Setting":"No Auditing","Exclusion Setting\r":""}
{"Machine Name":"DESKTOP-VKU268G","Policy Target":"System","Subcategory":"File Share","Subcategory GUID":"{0CCE9224-69AE-11D9-BED3-505054503030}","Inclusion Setting":"No Auditing","Exclusion Setting\r":""}
{"Machine Name":"DESKTOP-VKU268G","Policy Target":"System","Subcategory":"Filtering Platform Packet Drop","Subcategory GUID":"{0CCE9225-69AE-11D9-BED3-505054503030}","Inclusion Setting":"No Auditing","Exclusion Setting\r":""}
{"Machine Name":"DESKTOP-VKU268G","Policy Target":"System","Subcategory":"Filtering Platform Connection","Subcategory GUID":"{0CCE9226-69AE-11D9-BED3-505054503030}","Inclusion Setting":"No Auditing","Exclusion Setting\r":""}
{"Machine Name":"DESKTOP-VKU268G","Policy Target":"System","Subcategory":"Other Object Access Events","Subcategory GUID":"{0CCE9227-69AE-11D9-BED3-505054503030}","Inclusion Setting":"No Auditing","Exclusion Setting\r":""}
{"Machine Name":"DESKTOP-VKU268G","Policy Target":"System","Subcategory":"Detailed File Share","Subcategory GUID":"{0CCE9244-69AE-11D9-BED3-505054503030}","Inclusion Setting":"No Auditing","Exclusion Setting\r":""}
{"Machine Name":"DESKTOP-VKU268G","Policy Target":"System","Subcategory":"Removable Storage","Subcategory GUID":"{0CCE9245-69AE-11D9-BED3-505054503030}","Inclusion Setting":"No Auditing","Exclusion Setting\r":""}
{"Machine Name":"DESKTOP-VKU268G","Policy Target":"System","Subcategory":"Central Policy Staging","Subcategory GUID":"{0CCE9246-69AE-11D9-BED3-505054503030}","Inclusion Setting":"No Auditing","Exclusion Setting\r":""}
{"Machine Name":"DESKTOP-VKU268G","Policy Target":"System","Subcategory":"Non Sensitive Privilege Use","Subcategory GUID":"{0CCE9229-69AE-11D9-BED3-505054503030}","Inclusion Setting":"No Auditing","Exclusion Setting\r":""}
{"Machine Name":"DESKTOP-VKU268G","Policy Target":"System","Subcategory":"Other Privilege Use Events","Subcategory GUID":"{0CCE922A-69AE-11D9-BED3-505054503030}","Inclusion Setting":"No Auditing","Exclusion Setting\r":""}
{"Machine Name":"DESKTOP-VKU268G","Policy Target":"System","Subcategory":"Sensitive Privilege Use","Subcategory GUID":"{0CCE9228-69AE-11D9-BED3-505054503030}","Inclusion Setting":"No Auditing","Exclusion Setting\r":""}
{"Machine Name":"DESKTOP-VKU268G","Policy Target":"System","Subcategory":"Process Creation","Subcategory GUID":"{0CCE922B-69AE-11D9-BED3-505054503030}","Inclusion Setting":"No Auditing","Exclusion Setting\r":""}
{"Machine Name":"DESKTOP-VKU268G","Policy Target":"System","Subcategory":"Process Termination","Subcategory GUID":"{0CCE922C-69AE-11D9-BED3-505054503030}","Inclusion Setting":"No Auditing","Exclusion Setting\r":""}
{"Machine Name":"DESKTOP-VKU268G","Policy Target":"System","Subcategory":"DPAPI Activity","Subcategory GUID":"{0CCE922D-69AE-11D9-BED3-505054503030}","Inclusion Setting":"No Auditing","Exclusion Setting\r":""}
{"Machine Name":"DESKTOP-VKU268G","Policy Target":"System","Subcategory":"RPC Events","Subcategory GUID":"{0CCE922E-69AE-11D9-BED3-505054503030}","Inclusion Setting":"No Auditing","Exclusion Setting\r":""}
{"Machine Name":"DESKTOP-VKU268G","Policy Target":"System","Subcategory":"Plug and Play Events","Subcategory GUID":"{0CCE9248-69AE-11D9-BED3-505054503030}","Inclusion Setting":"No Auditing","Exclusion Setting\r":""}
{"Machine Name":"DESKTOP-VKU268G","Policy Target":"System","Subcategory":"Token Right Adjusted Events","Subcategory GUID":"{0CCE924A-69AE-11D9-BED3-505054503030}","Inclusion Setting":"No Auditing","Exclusion Setting\r":""}
{"Machine Name":"DESKTOP-VKU268G","Policy Target":"System","Subcategory":"Audit Policy Change","Subcategory GUID":"{0CCE922F-69AE-11D9-BED3-505054503030}","Inclusion Setting":"Success","Exclusion Setting\r":""}
{"Machine Name":"DESKTOP-VKU268G","Policy Target":"System","Subcategory":"Authentication Policy Change","Subcategory GUID":"{0CCE9230-69AE-11D9-BED3-505054503030}","Inclusion Setting":"Success","Exclusion Setting\r":""}
{"Machine Name":"DESKTOP-VKU268G","Policy Target":"System","Subcategory":"Authorization Policy Change","Subcategory GUID":"{0CCE9231-69AE-11D9-BED3-505054503030}","Inclusion Setting":"No Auditing","Exclusion Setting\r":""}
{"Machine Name":"DESKTOP-VKU268G","Policy Target":"System","Subcategory":"MPSSVC Rule-Level Policy Change","Subcategory GUID":"{0CCE9232-69AE-11D9-BED3-505054503030}","Inclusion Setting":"No Auditing","Exclusion Setting\r":""}
{"Machine Name":"DESKTOP-VKU268G","Policy Target":"System","Subcategory":"Filtering Platform Policy Change","Subcategory GUID":"{0CCE9233-69AE-11D9-BED3-505054503030}","Inclusion Setting":"No Auditing","Exclusion Setting\r":""}
{"Machine Name":"DESKTOP-VKU268G","Policy Target":"System","Subcategory":"Other Policy Change Events","Subcategory GUID":"{0CCE9234-69AE-11D9-BED3-505054503030}","Inclusion Setting":"No Auditing","Exclusion Setting\r":""}
{"Machine Name":"DESKTOP-VKU268G","Policy Target":"System","Subcategory":"Computer Account Management","Subcategory GUID":"{0CCE9236-69AE-11D9-BED3-505054503030}","Inclusion Setting":"No Auditing","Exclusion Setting\r":""}
{"Machine Name":"DESKTOP-VKU268G","Policy Target":"System","Subcategory":"Security Group Management","Subcategory GUID":"{0CCE9237-69AE-11D9-BED3-505054503030}","Inclusion Setting":"Success","Exclusion Setting\r":""}
{"Machine Name":"DESKTOP-VKU268G","Policy Target":"System","Subcategory":"Distribution Group Management","Subcategory GUID":"{0CCE9238-69AE-11D9-BED3-505054503030}","Inclusion Setting":"No Auditing","Exclusion Setting\r":""}
{"Machine Name":"DESKTOP-VKU268G","Policy Target":"System","Subcategory":"Application Group Management","Subcategory GUID":"{0CCE9239-69AE-11D9-BED3-505054503030}","Inclusion Setting":"No Auditing","Exclusion Setting\r":""}
{"Machine Name":"DESKTOP-VKU268G","Policy Target":"System","Subcategory":"Other Account Management Events","Subcategory GUID":"{0CCE923A-69AE-11D9-BED3-505054503030}","Inclusion Setting":"No Auditing","Exclusion Setting\r":""}
{"Machine Name":"DESKTOP-VKU268G","Policy Target":"System","Subcategory":"User Account Management","Subcategory GUID":"{0CCE9235-69AE-11D9-BED3-505054503030}","Inclusion Setting":"Success","Exclusion Setting\r":""}
{"Machine Name":"DESKTOP-VKU268G","Policy Target":"System","Subcategory":"Directory Service Access","Subcategory GUID":"{0CCE923B-69AE-11D9-BED3-505054503030}","Inclusion Setting":"No Auditing","Exclusion Setting\r":""}
{"Machine Name":"DESKTOP-VKU268G","Policy Target":"System","Subcategory":"Directory Service Changes","Subcategory GUID":"{0CCE923C-69AE-11D9-BED3-505054503030}","Inclusion Setting":"No Auditing","Exclusion Setting\r":""}
{"Machine Name":"DESKTOP-VKU268G","Policy Target":"System","Subcategory":"Directory Service Replication","Subcategory GUID":"{0CCE923D-69AE-11D9-BED3-505054503030}","Inclusion Setting":"No Auditing","Exclusion Setting\r":""}
{"Machine Name":"DESKTOP-VKU268G","Policy Target":"System","Subcategory":"Detailed Directory Service Replication","Subcategory GUID":"{0CCE923E-69AE-11D9-BED3-505054503030}","Inclusion Setting":"No Auditing","Exclusion Setting\r":""}
{"Machine Name":"DESKTOP-VKU268G","Policy Target":"System","Subcategory":"Kerberos Service Ticket Operations","Subcategory GUID":"{0CCE9240-69AE-11D9-BED3-505054503030}","Inclusion Setting":"No Auditing","Exclusion Setting\r":""}
{"Machine Name":"DESKTOP-VKU268G","Policy Target":"System","Subcategory":"Other Account Logon Events","Subcategory GUID":"{0CCE9241-69AE-11D9-BED3-505054503030}","Inclusion Setting":"No Auditing","Exclusion Setting\r":""}
{"Machine Name":"DESKTOP-VKU268G","Policy Target":"System","Subcategory":"Kerberos Authentication Service","Subcategory GUID":"{0CCE9242-69AE-11D9-BED3-505054503030}","Inclusion Setting":"No Auditing","Exclusion Setting\r":""}
{"Machine Name":"DESKTOP-VKU268G","Policy Target":"System","Subcategory":"Credential Validation","Subcategory GUID":"{0CCE923F-69AE-11D9-BED3-505054503030}","Inclusion Setting":"No Auditing","Exclusion Setting\r":""}
